Pos.,Sexe,Nom,Rànquing. Freqüència,Rànquing. ‰
1,H,JOSÉ,20.699,34,30
2,H,ANTONIO,17.402,28,84
3,D,MARIA/MARÍA,15.029,24,91
4,H,FRANCISCO,13.933,23,09
5,D,CARMEN,13.186,21,85
6,H,JUAN,13.041,21,61
7,H,MANUEL,12.100,20,05
8,D,MARÍA DEL CARMEN,12.026,19,93
9,D,JOSEFA,11.024,18,27
10,D,MONTSERRAT,8.578,14,22
11,D,MARIA TERESA/MARÍA TERESA,8.040,13,32
12,D,FRANCISCA,7.652,12,68
13,D,ANTÒNIA/ANTONIA,7.612,12,61
14,D,DOLORES,7.539,12,49
15,D,ISABEL,7.520,12,46
16,H,RAMON/RAMÓN,6.331,10,49
17,H,JOSEP,6.298,10,44
18,D,ROSA,6.285,10,42
19,D,PILAR,5.819,9,64
20,H,JOSÉ MARIA/JOSÉ MARÍA,5.704,9,45
21,H,PEDRO,5.585,9,26
22,D,TERESA,5.486,9,09
23,D,MARIA DOLORES/MARÍA DOLORES,5.372,8,90
24,H,JOAN,4.907,8,13
25,H,MIGUEL,4.876,8,08
26,D,MARIA ROSA/MARÍA ROSA,4.868,8,07
27,D,MERCEDES,4.648,7,70
28,D,CONCEPCIÓN,4.595,7,61
29,D,ANA,4.465,7,40
30,D,JUANA,4.364,7,23
31,D,ANA MARIA/ANA MARÍA,4.244,7,03
32,D,MARIA DEL PILAR/MARÍA DEL PILAR,4.148,6,87
33,H,LUIS,4.075,6,75
34,H,RAFAEL,3.862,6,40
35,D,ROSARIO,3.608,5,98
36,D,MANUELA,3.501,5,80
37,H,ÀNGEL/ÁNGEL,3.477,5,76
38,D,ROSA MARIA/ROSA MARÍA,3.189,5,28
39,D,MARIA LUISA/MARÍA LUISA,3.114,5,16
40,D,ENCARNACIÓN,3.047,5,05
41,H,JAIME,2.894,4,80
42,H,JOAQUÍN,2.858,4,74
43,H,JOSÉ LUIS,2.799,4,64
44,D,MARIA ÁNGELES/MARÍA ÁNGELES,2.789,4,62
45,H,JOSEP MARIA,2.696,4,47
46,H,JESÚS,2.629,4,36
47,H,FERNANDO,2.606,4,32
48,D,MARGARITA,2.507,4,15
49,D,NÚRIA/NURIA,2.462,4,08
50,D,JOSEFINA,2.434,4,03
51,H,JAUME,2.411,4,00
52,H,SALVADOR,2.391,3,96
53,D,MARIA ISABEL/MARÍA ISABEL,2.342,3,88
54,H,JOSÉ ANTONIO,2.311,3,83
55,H,ENRIQUE,2.307,3,82
56,H,CARLOS,2.216,3,67
57,H,JORDI,2.188,3,63
58,D,ÁNGELES,2.178,3,61
59,D,MARIA JOSEFA/MARÍA JOSEFA,2.046,3,39
60,D,ÀNGELA/ÁNGELA,2.014,3,34
61,H,VICENTE,2.012,3,33
62,H,JORGE,1.867,3,09
63,D,MARIA DOLORS/MARÍA DOLORS,1.764,2,92
64,H,PERE,1.723,2,86
65,H,ANDRÉS,1.705,2,83
66,D,MARIA ANTONIA/MARÍA ANTONIA,1.679,2,78
67,H,JUAN JOSÉ,1.653,2,74
68,D,EMÍLIA/EMILIA,1.636,2,71
69,H,SANTIAGO,1.624,2,69
70,H,EMILIO,1.587,2,63
71,H,FRANCESC,1.550,2,57
72,D,MARIA DEL CARME/MARÍA DEL CARME,1.522,2,52
73,D,LUISA,1.512,2,51
74,D,JÚLIA/JULIA,1.501,2,49
75,H,LLUÍS,1.496,2,48
76,D,MERCÈ,1.444,2,39
77,D,GLÒRIA/GLORIA,1.440,2,39
78,D,MAGDALENA,1.423,2,36
79,D,CARME,1.421,2,35
80,H,JUAN ANTONIO,1.410,2,34
81,H,MIQUEL,1.396,2,31
82,D,RAMONA,1.381,2,29
83,H,ANTONI,1.358,2,25
84,H,ALFONSO,1.331,2,21
85,H,AGUSTÍN,1.324,2,19
86,D,CONSUELO,1.284,2,13
87,D,CATALINA,1.281,2,12
88,H,ALBERTO,1.265,2,10
89,D,ELENA,1.264,2,09
90,H,TOMÀS/TOMÁS,1.239,2,05
91,D,DOLORS,1.218,2,02
92,D,AMPARO,1.216,2,02
93,D,VICTÒRIA/VICTORIA,1.203,1,99
94,H,DIEGO,1.180,1,96
95,H,RICARDO,1.179,1,95
96,D,TRINIDAD,1.178,1,95
97,H,EDUARDO,1.172,1,94
98,D,MARIA JESÚS/MARÍA JESÚS,1.152,1,91
99,H,DOMINGO,1.143,1,89
100,D,AURORA,1.133,1,88
101,D,ASUNCIÓN,1.090,1,81
101,D,ROSER,1.090,1,81
103,H,JULIÁN,1.079,1,79
104,D,MARIA ASUNCIÓN/MARÍA ASUNCIÓN,1.068,1,77
105,D,PURIFICACIÓN,1.043,1,73
106,D,MARTA,1.028,1,70
107,D,MATILDE,1.026,1,70
108,D,MARIA MERCEDES/MARÍA MERCEDES,1.024,1,70
109,D,REMEDIOS,985,1,63
110,D,ARACELI,981,1,63
111,D,ENRIQUETA,969,1,61
112,H,FÈLIX/FÉLIX,964,1,60
113,H,JULIO,949,1,57
114,D,ESPERANZA,940,1,56
115,D,ELVIRA,939,1,56
116,D,JOAQUINA,937,1,55
117,D,RAFAELA,910,1,51
118,D,MARIA MONTSERRAT/MARÍA MONTSERRAT,901,1,49
119,H,MARIANO,878,1,45
120,H,JOAQUIM,877,1,45
121,D,ANNA MARIA/ANNA MARÍA,863,1,43
122,D,NATIVIDAD,850,1,41
123,H,FRANCISCO JAVIER,846,1,40
124,H,SEBASTIAN/SEBASTIÁN,816,1,35
125,H,ENRIC,804,1,33
126,D,MARINA,803,1,33
127,H,JOSÉ MANUEL,792,1,31
128,D,MARIA CINTA/MARÍA CINTA,777,1,29
129,D,MARIA ÀNGELS,774,1,28
130,H,JUAN MANUEL,772,1,28
131,D,MILAGROS,770,1,28
132,H,DANIEL,767,1,27
133,D,VICENTA,762,1,26
134,D,CONCEPCIÓ,760,1,26
135,D,ASCENSION/ASCENSIÓN,751,1,24
136,D,ADELA,748,1,24
137,D,SOLEDAD,740,1,23
138,D,ALÍCIA/ALICIA,738,1,22
139,D,LUCÍA,734,1,22
140,D,ENCARNACIO,722,1,20
141,H,GABRIEL,720,1,19
142,D,MARIA CONCEPCIÓN/MARÍA CONCEPCIÓN,713,1,18
142,D,MARIA ROSARIO/MARÍA ROSARIO,713,1,18
144,D,NIEVES,707,1,17
145,D,FELISA,697,1,16
146,H,ALEJANDRO,693,1,15
147,D,LEONOR,689,1,14
148,H,FELIPE,686,1,14
149,D,LOURDES,685,1,14
149,H,PABLO,685,1,14
151,H,ESTEBAN,684,1,13
152,H,CRISTÓBAL,667,1,11
153,H,ALBERT,665,1,10
154,D,INÉS,663,1,10
155,H,LORENZO,651,1,08
156,D,MARIA GLÒRIA/MARÍA GLORIA,649,1,08
157,H,MARTÍN,648,1,07
158,D,ELISA,645,1,07
159,D,MARIA VICTÒRIA/MARÍA VICTORIA,638,1,06
160,H,GREGORIO,633,1,05
161,D,AMÀLIA/AMALIA,632,1,05
162,D,MARÍA JOSÉ,624,1,03
163,D,ROSALIA/ROSALÍA,623,1,03
164,H,ALFREDO,614,1,02
164,H,ISIDRO,614,1,02
166,D,EULÀLIA/EULALIA,613,1,02
167,D,ESTHER,610,1,01
168,D,JOANA,606,1,00
169,D,IRENE,598,0,99
169,H,JAVIER,598,0,99
171,D,MARIA NIEVES/MARÍA NIEVES,584,0,97
172,D,LAURA,582,0,96
173,D,AGUSTINA,570,0,94
174,D,ANNA,534,0,88
175,D,MARIA CRISTINA/MARÍA CRISTINA,532,0,88
176,D,LÍDIA/LIDIA,529,0,88
177,D,PETRA,514,0,85
178,D,ADORACIÓN,507,0,84
179,H,EUGENIO,504,0,84
180,D,FRANCESCA,498,0,83
181,H,VÍCTOR,496,0,82
182,D,MARIA SOLEDAD/MARÍA SOLEDAD,480,0,80
183,D,MARIA LUZ/MARÍA LUZ,469,0,78
184,D,AMÈLIA/AMELIA,467,0,77
185,D,CRISTINA,466,0,77
186,H,IGNACIO,463,0,77
187,D,MARIA LLUÏSA/MARÍA LLUÏSA,460,0,76
188,D,MARIA LOURDES/MARÍA LOURDES,459,0,76
189,D,MARIA ELENA/MARÍA ELENA,450,0,75
190,H,CARLES,437,0,72
190,H,ROBERTO,437,0,72
192,H,GUILLERMO,436,0,72
193,H,VALENTÍN,435,0,72
194,D,JULIANA,427,0,71
195,H,MIGUEL ÀNGEL/MIGUEL ÁNGEL,424,0,70
196,D,HERMÍNIA/HERMINIA,423,0,70
197,D,MARIA MERCÈ/MARÍA MERCÈ,417,0,69
198,D,CÈLIA/CELIA,415,0,69
199,D,ANGELINA,408,0,68
200,H,JOSÉ RAMON/JOSÉ RAMÓN,404,0,67
201,H,FEDERICO,402,0,67
202,D,PIEDAD,396,0,66
203,D,MARIA CRUZ/MARÍA CRUZ,394,0,65
204,D,CECÍLIA/CECILIA,390,0,65
205,H,MOHAMED,385,0,64
206,H,BARTOLOMÉ,381,0,63
207,D,ENCARNA,380,0,63
208,D,MARIA MAGDALENA/MARÍA MAGDALENA,379,0,63
209,H,BENITO,376,0,62
210,H,JACINTO,375,0,62
211,D,GUADALUPE,372,0,62
212,H,NICOLÀS/NICOLÁS,371,0,61
213,D,OLGA,366,0,61
214,D,ADELINA,364,0,60
215,H,AGUSTÍ,361,0,60
215,D,MARIA ÀNGELA/MARÍA ÁNGELA,361,0,60
217,H,XAVIER,356,0,59
218,D,EUGÈNIA/EUGENIA,348,0,58
219,D,MARIA FRANCISCA/MARÍA FRANCISCA,346,0,57
220,D,AURÈLIA/AURELIA,345,0,57
220,D,FILOMENA,345,0,57
220,H,JUAN FRANCISCO,345,0,57
223,H,MARCELINO,344,0,57
224,H,PASCUAL,343,0,57
225,H,ARTURO,341,0,57
226,H,ADOLFO,339,0,56
226,H,MANEL,339,0,56
228,D,JOSEPA,336,0,56
229,D,BEATRIZ,334,0,55
230,H,ANDREU,321,0,53
230,D,MARGARIDA,321,0,53
232,D,CLARA,313,0,52
232,D,GREGÒRIA/GREGORIA,313,0,52
234,D,CÀNDIDA/CÁNDIDA,311,0,52
235,H,ERNESTO,303,0,50
236,D,SÍLVIA/SILVIA,302,0,50
237,H,BERNARDO,299,0,50
238,D,FÀTIMA/FÁTIMA,293,0,49
239,H,FERRAN,290,0,48
240,H,MARIO,289,0,48
240,H,VICTORIANO,289,0,48
242,H,BLAS,288,0,48
243,D,SARA,287,0,48
244,H,DAVID,285,0,47
244,H,FERMÍN,285,0,47
246,H,EUSEBIO,283,0,47
247,D,MARIA PAZ/MARÍA PAZ,282,0,47
248,H,ISIDORO,281,0,47
249,D,PAULA,280,0,46
250,D,NEUS,278,0,46
251,D,FERNANDA,273,0,45
251,D,MARIANA,273,0,45
253,D,FLORENTINA,272,0,45
254,D,INMACULADA,268,0,44
255,D,ESTRELLA,267,0,44
256,H,GONZALO,266,0,44
257,H,ARMANDO,264,0,44
257,H,MARTÍ,264,0,44
259,D,MARÍA DE LOS ÁNGELES,257,0,43
259,D,RITA,257,0,43
261,D,PEPITA,256,0,42
262,H,CARMELO,255,0,42
262,H,JOSÉ MIGUEL,255,0,42
264,H,GINÉS,254,0,42
264,D,VALENTINA,254,0,42
266,H,EDUARD,252,0,42
266,H,ESTEVE,252,0,42
268,H,JUAN RAMON/JUAN RAMÓN,251,0,42
268,H,TEODORO,251,0,42
270,D,TEODORA,250,0,41
271,D,MARIA DEL ROSER/MARÍA DEL ROSER,249,0,41
271,H,RICARD,249,0,41
273,H,FRANCESC XAVIER,248,0,41
274,D,PALMIRA,247,0,41
274,D,PATROCINIO,247,0,41
276,H,DIONISIO,246,0,41
277,H,CÁNDIDO,245,0,41
277,D,MARIA ENCARNACIÓN/MARÍA ENCARNACIÓN,245,0,41
279,H,FLORENCIO,243,0,40
279,D,VIRGÍNIA/VIRGINIA,243,0,40
281,D,NATÀLIA/NATALIA,242,0,40
282,H,VICENÇ,241,0,40
283,D,HORTÈNSIA/HORTENSIA,240,0,40
284,H,AURELIO,239,0,40
285,H,NARCISO,238,0,39
286,D,ANDREA,237,0,39
287,H,JUAN LUIS,236,0,39
287,H,JUAN PEDRO,236,0,39
289,D,ADELAIDA,235,0,39
289,H,GERMÁN,235,0,39
291,D,JOAQUIMA,234,0,39
292,D,ANGUSTIAS,233,0,39
293,H,JUAN BAUTISTA,231,0,38
294,D,MARIA ASSUMPCIÓ,229,0,38
295,D,SALVADORA,227,0,38
296,H,AMADEO,225,0,37
296,D,CAROLINA,225,0,37
296,D,FLORA,225,0,37
299,H,GERARDO,223,0,37
299,D,TOMASA,223,0,37
301,H,JERÓNIMO,221,0,37
301,H,MATÍAS,221,0,37
303,H,NARCÍS,217,0,36
304,D,LLUÏSA,215,0,36
305,D,MARIA NÚRIA/MARÍA NURIA,214,0,35
306,D,VIRTUDES,213,0,35
307,D,GRÀCIA/GRACIA,212,0,35
308,H,AHMED,210,0,35
308,D,BENITA,210,0,35
310,D,MARIA EUGÈNIA/MARÍA EUGENIA,209,0,35
311,D,MARIA CONCEPCIÓ,208,0,34
312,H,JOSÉ FRANCISCO,206,0,34
312,H,MARCOS,206,0,34
314,D,FELICIDAD,205,0,34
315,H,AMADOR,204,0,34
315,D,JACINTA,204,0,34
315,H,JUSTO,204,0,34
318,D,MARCELINA,203,0,34
318,H,SERAFÍN,203,0,34
320,H,MATEO,200,0,33
321,D,FLORÈNCIA/FLORENCIA,199,0,33
321,H,MODESTO,199,0,33
323,H,ISIDRE,195,0,32
323,D,REMEI,195,0,32
325,D,CARIDAD,194,0,32
326,D,ELOÏSA/ELOÍSA,191,0,32
326,D,VISITACIÓN,191,0,32
328,D,AVELINA,190,0,31
328,D,JUANA MARIA/JUANA MARÍA,190,0,31
330,D,ÀNGELS,189,0,31
330,H,FIDEL,189,0,31
330,D,RAQUEL,189,0,31
333,D,ENGRACIA,188,0,31
333,H,ROSENDO,188,0,31
335,D,GENOVEVA,187,0,31
336,H,EMILIANO,186,0,31
336,D,PAQUITA,186,0,31
338,D,PAULINA,185,0,31
339,H,ELÍAS,183,0,30
340,H,JOSEP LLUÍS,181,0,30
341,H,CLAUDIO,180,0,30
341,D,MARIA DEL ROSARIO/MARÍA DEL ROSARIO,180,0,30
341,D,MARIA GRÀCIA/MARÍA GRACIA,180,0,30
341,H,SEBASTIÀ,180,0,30
345,H,JUAN MIGUEL,179,0,30
346,H,SANTOS,178,0,29
347,D,FELIPA,177,0,29
348,H,ILDEFONSO,176,0,29
349,D,GEMMA,175,0,29
350,H,ELOY,174,0,29
350,H,EMILI,174,0,29
350,D,MARTINA,174,0,29
353,H,JUAN MARIA/JUAN MARÍA,173,0,29
354,H,JUAN CARLOS,171,0,28
354,D,REGINA,171,0,28
356,H,ROGELIO,170,0,28
357,H,ANTONIO JOSÉ,169,0,28
357,H,BENJAMÍN,169,0,28
359,D,DELFINA,167,0,28
359,D,MARIA ESTHER/MARÍA ESTHER,167,0,28
361,H,ALONSO,166,0,28
361,H,SERGIO,166,0,28
363,H,CÈSAR/CÉSAR,165,0,27
363,D,JUSTA,165,0,27
365,D,MARIA MANUELA/MARÍA MANUELA,164,0,27
366,D,MARIA CONSUELO,163,0,27
367,H,FELICIANO,161,0,27
367,D,MARIA NEUS/MARÍA NEUS,161,0,27
367,H,MÁXIMO,161,0,27
367,D,SAGRARIO,161,0,27
367,D,SOFÍA/SOFIA,161,0,27
372,D,BLANCA,160,0,27
372,D,MARIA AMPARO/MARÍA AMPARO,160,0,27
374,D,CLOTILDE,158,0,26
374,D,FUENSANTA,158,0,26
374,D,LORENZA,158,0,26
374,D,MARÍA MILAGROS,158,0,26
378,H,CELESTINO,157,0,26
378,D,MICAELA,157,0,26
378,H,PAULINO,157,0,26
378,D,SEBASTIANA,157,0,26
382,D,ALFONSA,156,0,26
382,D,MARIA EULÀLIA/MARÍA EULALIA,156,0,26
382,H,ROMAN/ROMÁN,156,0,26
385,D,CONSOL,155,0,26
386,H,JOSEP ANTONI,154,0,26
387,H,FAUSTINO,153,0,25
387,H,ISMAEL,153,0,25
389,D,ÀGUEDA/ÁGUEDA,151,0,25
389,D,MARIA REMEDIOS/MARÍA REMEDIOS,151,0,25
391,H,FRANCISCO JOSÉ,149,0,25
392,H,RAÜL/RAÚL,148,0,25
392,H,SIMON/SIMÓN,148,0,25
392,D,SUSANA,148,0,25
395,D,BIENVENIDA,147,0,24
396,H,JOAN MARIA/JOAN MARÍA,145,0,24
396,D,MODESTA,145,0,24
398,H,FLORENTINO,144,0,24
398,H,PEDRO JOSÉ,144,0,24
400,D,BALBINA,143,0,24
400,H,CLEMENTE,143,0,24
400,H,ELADIO,143,0,24
400,D,RUFINA,143,0,24
404,H,LUCIANO,142,0,24
404,D,SERAFINA,142,0,24
406,H,ÁLVARO,141,0,23
406,H,HILARIO,141,0,23
406,D,MARIA ESPERANZA/MARÍA ESPERANZA,141,0,23
409,D,OBDULIA,140,0,23
410,H,CECILIO,139,0,23
410,H,GASPAR,139,0,23
410,H,RAIMUNDO,139,0,23
413,D,CONXITA,138,0,23
413,H,PEDRO ANTONIO,138,0,23
415,D,ÀUREA/ÁUREA,137,0,23
415,H,DAMIÁN,137,0,23
417,D,GERTRUDIS,136,0,23
417,D,ISIDORA,136,0,23
417,D,PRESENTACIÓN,136,0,23
417,H,RAMIRO,136,0,23
421,D,CONCHITA,134,0,22
421,D,DIONISIA,134,0,22
421,H,IGNASI,134,0,22
424,D,BRIGIDA/BRÍGIDA,131,0,22
424,D,ISABEL MARIA/ISABEL MARÍA,131,0,22
424,H,JUAN DE DIOS,131,0,22
424,D,MARAVILLAS,131,0,22
428,D,CANDELÀRIA/CANDELARIA,130,0,22
428,H,SATURNINO,130,0,22
430,D,CONSOLACION,129,0,21
431,H,ROBERT,128,0,21
432,D,TERESA MARIA/TERESA MARÍA,126,0,21
433,H,BUENAVENTURA,125,0,21
433,D,FELICIANA,125,0,21
435,H,EVARISTO,124,0,21
435,H,LLORENÇ,124,0,21
437,D,ALEJANDRA,123,0,20
437,H,CASIMIRO,123,0,20
437,H,CAYETANO,123,0,20
437,H,JESÚS MARIA/JESÚS MARIÀ/JESÚS MARÍA,123,0,20
437,D,SOCORRO,123,0,20
442,D,BÀRBARA/BÁRBARA,121,0,20
442,D,ESTER,121,0,20
442,D,GABRIELA,121,0,20
442,D,MARÍA JUANA,121,0,20
446,D,GUILLERMINA,120,0,20
446,H,LEONARDO,120,0,20
448,D,ASSUMPCIÓ,119,0,20
448,H,ERNEST,119,0,20
448,H,MARCELO,119,0,20
448,D,MARIA INMACULADA/MARÍA INMACULADA,119,0,20
452,H,AVELINO,116,0,19
452,D,CELESTINA,116,0,19
452,H,LEANDRO,116,0,19
452,D,MARIA TRINIDAD/MARÍA TRINIDAD,116,0,19
456,D,LYDIA,115,0,19
456,D,RAIMUNDA,115,0,19
456,H,VALERIANO,115,0,19
459,H,BALTASAR,114,0,19
460,D,ADRIANA,113,0,19
460,H,CIPRIANO,113,0,19
460,D,INOCÈNCIA/INOCENCIA,113,0,19
463,D,DOMINGA,110,0,18
463,D,FELICITAS,110,0,18
463,H,JOAN JOSEP,110,0,18
463,D,NICOLASA,110,0,18
467,H,ALFONS,109,0,18
467,H,FREDERIC,109,0,18
467,D,MARIA INÉS/MARÍA INÉS,109,0,18
470,H,ANSELMO,108,0,18
470,H,BASILIO,108,0,18
470,H,PAU,108,0,18
473,H,SEGUNDO,107,0,18
474,D,MARIA BLANCA/MARÍA BLANCA,106,0,18
474,H,RUFINO,106,0,18
474,D,SATURNINA,106,0,18
477,D,AICHA,105,0,17
477,H,MOISÈS/MOISÉS,105,0,17
477,D,SACRAMENTO,105,0,17
480,D,CINTA,104,0,17
480,D,EMILIANA,104,0,17
480,H,JOAN ANTONI,104,0,17
483,D,SABINA,103,0,17
484,H,BIENVENIDO,102,0,17
484,D,ELISABETH,102,0,17
484,D,OTÍLIA/OTILIA,102,0,17
487,D,ILUMINADA,101,0,17
487,D,MARCELA,101,0,17
487,H,VICTORINO,101,0,17
490,H,DEMETRIO,100,0,17
490,H,ELISEO,100,0,17
492,D,ELISABET,99,0,16
492,D,EUSEBIA,99,0,16
492,H,JOSÉ IGNACIO,99,0,16
492,D,VICTORINA,99,0,16
496,H,BALDOMERO,98,0,16
496,D,MARIA PURIFICACIÓN/MARÍA PURIFICACIÓN,98,0,16
496,H,MELCHOR,98,0,16
496,H,VICENS,98,0,16
500,H,ABDESLAM,97,0,16
500,D,FAUSTINA,97,0,16
500,D,FERMINA,97,0,16
503,H,ANASTASIO,96,0,16
503,D,BERTA,96,0,16
503,D,EVA,96,0,16
503,D,IGNACIA,96,0,16
503,D,MARIA JÚLIA/MARÍA JULIA,96,0,16
508,D,ROCÍO,95,0,16
508,D,TRINITAT,95,0,16
510,H,ABEL,94,0,16
510,D,MISERICÒRDIA/MISERICORDIA,94,0,16
510,H,RAFEL,94,0,16
513,H,EULOGIO,93,0,15
513,D,MIGUELA,93,0,15
515,H,BERNABÈ/BERNABÉ,92,0,15
515,H,CESAREO,92,0,15
515,H,JOSÉ VICENTE,92,0,15
515,H,LEOPOLDO,92,0,15
515,D,MARIA ASSUMPTA,92,0,15
515,D,RAHMA,92,0,15
515,D,SALUD,92,0,15
522,D,BASILISA,91,0,15
522,D,LORETO,91,0,15
522,H,MARCIAL,91,0,15
522,D,MARIA ENGRÀCIA/MARÍA ENGRACIA,91,0,15
522,H,TEÓFILO,91,0,15
527,H,LAUREANO,90,0,15
527,H,VALENTÍ,90,0,15
529,H,BENIGNO,89,0,15
529,H,BONIFACIO,89,0,15
529,D,CLÀUDIA/CLAUDIA,89,0,15
529,H,FULGENCIO,89,0,15
533,D,MARIA ESTRELLA/MARÍA ESTRELLA,88,0,15
534,D,MAGDA,87,0,14
534,D,MARIA AURORA/MARÍA AURORA,87,0,14
534,D,MARIA BEGONYA/MARÍA BEGONYA,87,0,14
534,D,MARIA CLARA/MARÍA CLARA,87,0,14
534,H,MOHAMMED,87,0,14
534,H,PLÁCIDO,87,0,14
540,H,CAMILO,86,0,14
540,H,DOMÈNEC,86,0,14
540,H,ÒSCAR/ÓSCAR,86,0,14
540,D,ÚRSULA,86,0,14
544,H,ANTONIO MANUEL,85,0,14
544,H,JOSÉ CARLOS,85,0,14
544,D,MARIA ANGUSTIAS,85,0,14
547,D,BERNARDA,84,0,14
547,H,CARLOS ALBERTO,84,0,14
547,H,ELEUTERIO,84,0,14
547,D,MARIA ELISA/MARÍA ELISA,84,0,14
551,H,BERNARDINO,83,0,14
551,H,LUCAS,83,0,14
553,H,LUIS ALBERTO,82,0,14
553,D,PASCUALA,82,0,14
553,H,RODOLFO,82,0,14
556,D,FLORINDA,81,0,13
556,H,RODRIGO,81,0,13
556,D,ZOHRA,81,0,13
559,H,ADRIÁN,80,0,13
559,D,MARIA ASCENSION,80,0,13
559,H,PATRICIO,80,0,13
562,D,ALBERTA,79,0,13
562,H,CONRADO,79,0,13
562,D,EDUARDA,79,0,13
562,H,INOCENCIO,79,0,13
562,H,JACINT,79,0,13
562,D,MARIA SOCORRO,79,0,13
568,D,DOROTEA,78,0,13
568,H,JOSÉ ENRIQUE,78,0,13
568,H,JOSÉ JAVIER,78,0,13
568,D,PASTORA,78,0,13
568,H,ROQUE/ROQUÉ,78,0,13
573,H,CONSTANTINO,77,0,13
573,H,MARCEL,77,0,13
575,H,DELFIN/DELFÍN,76,0,13
575,D,OLIVA,76,0,13
577,D,ANTONIA MARIA,75,0,12
577,D,CLEMENTINA,75,0,12
577,H,EZEQUIEL,75,0,12
577,D,MÒNICA/MÓNICA,75,0,12
577,H,RAMON MARIA/RAMÓN MARÍA,75,0,12
577,D,VICTORIANA,75,0,12
583,H,LUIS MIGUEL,74,0,12
583,D,NARCISA,74,0,12
583,D,PROVIDÈNCIA/PROVIDENCIA,74,0,12
586,D,FIDELA,73,0,12
587,D,CARLOTA,72,0,12
587,D,FATNA,72,0,12
587,H,HIPÓLITO,72,0,12
587,H,ISAAC,72,0,12
587,H,LÁZARO,72,0,12
587,D,MARÍA DEL VALLE,72,0,12
587,D,MARÍA REYES,72,0,12
587,H,SILVESTRE,72,0,12
595,D,ÀFRICA/ÁFRICA,71,0,12
595,H,BAUTISTA,71,0,12
595,D,BEGONYA,71,0,12
595,D,DÈLIA/DELIA,71,0,12
595,D,EVANGELINA,71,0,12
595,D,JERONIMA,71,0,12
595,D,JOSEFA MARIA,71,0,12
595,D,MARIA DELS ÀNGELS,71,0,12
595,D,MARIA VICENTA,71,0,12
595,D,MARISOL,71,0,12
595,D,PRIMITIVA,71,0,12
606,D,BELÉN,70,0,12
606,D,ELÀDIA/ELADIA,70,0,12
606,H,HERMINIO,70,0,12
606,D,ISIDRA,70,0,12
610,D,BERNARDINA,69,0,11
610,H,MAGÍ,69,0,11
610,D,MARÍA PIEDAD,69,0,11
610,D,PURA,69,0,11
610,H,TORCUATO,69,0,11
615,H,ALFRED,68,0,11
615,D,JESUSA,68,0,11
617,D,CRISTOBALINA,67,0,11
617,H,HERMENEGILDO,67,0,11
617,H,JOSÉ ÀNGEL/JOSÉ ÁNGEL,67,0,11
617,H,MAGIN,67,0,11
617,D,MARIBEL,67,0,11
617,D,NATIVITAT,67,0,11
623,D,DANIELA,66,0,11
623,D,DIVINA,66,0,11
623,D,EMMA,66,0,11
623,D,IMMACULADA,66,0,11
623,D,LUZ DIVINA,66,0,11
623,D,MARIA CÈLIA/MARÍA CELIA,66,0,11
629,H,ARSENIO,65,0,11
629,D,ÈLIA/ELIA,65,0,11
629,H,GENARO,65,0,11
629,H,LUCIO,65,0,11
629,D,MARIA LUCÍA/MARÍA LUCÍA,65,0,11
634,H,EUGENI,64,0,11
635,D,ANASTÀSIA/ANASTASIA,63,0,10
635,H,ANICETO,63,0,10
635,H,AUGUSTO,63,0,10
635,H,BENET,63,0,10
635,H,CEFERINO,63,0,10
635,H,FAUSTO,63,0,10
635,H,JOSÉ JUAN,63,0,10
635,H,PRIMITIVO,63,0,10
635,H,PRUDENCIO,63,0,10
635,D,TERESITA,63,0,10
645,D,ANGELITA,62,0,10
645,H,SECUNDINO,62,0,10
647,D,ADOLFINA,61,0,10
647,D,ANA JOSEFA,61,0,10
647,D,CARMELA,61,0,10
647,D,CASILDA,61,0,10
647,D,CIPRIANA,61,0,10
647,D,ROGELIA,61,0,10
647,D,ROSALINA,61,0,10
654,D,APOLONIA,60,0,10
654,D,ERNESTINA,60,0,10
654,H,MARC,60,0,10
654,D,MARIA SAGRARIO,60,0,10
654,D,MAXIMINA,60,0,10
654,D,PRUDENCIA,60,0,10
654,H,VIRGILIO,60,0,10
661,D,ANUNCIACION,59,0,10
661,H,JOAN RAMON/JOAN RAMÓN,59,0,10
661,D,JULITA,59,0,10
661,H,MARINO,59,0,10
661,D,ROSAURA,59,0,10
666,D,ANITA,58,0,10
666,D,DULCENOMBRE,58,0,10
666,D,GINESA,58,0,10
666,H,HIGINIO,58,0,10
666,D,MARIA ALBA/MARÍA ALBA,58,0,10
666,H,MAURICIO,58,0,10
666,D,YOLANDA,58,0,10
673,H,AMBROSIO,57,0,09
673,H,ARCADIO,57,0,09
673,H,BARTOMEU,57,0,09
673,D,CASIMIRA,57,0,09
673,H,CELEDONIO,57,0,09
673,H,DESIDERIO,57,0,09
673,D,EDELMIRA,57,0,09
673,H,ESTANISLAO,57,0,09
673,D,FADMA,57,0,09
673,D,GUMERSINDA,57,0,09
673,H,GUMERSINDO,57,0,09
673,H,JOSÉ JOAQUÍN,57,0,09
673,H,JUAN IGNACIO,57,0,09
673,D,JUSTINA,57,0,09
673,D,MARÍA NATIVIDAD,57,0,09
673,D,MÀXIMA/MÁXIMA,57,0,09
673,H,MAXIMINO,57,0,09
673,D,NINA,57,0,09
673,H,NORBERTO,57,0,09
692,H,AGAPITO,56,0,09
692,D,BENEDICTA,56,0,09
692,H,FRANCISCO ANTONIO,56,0,09
692,D,MARIA FERNANDA/MARÍA FERNANDA,56,0,09
696,H,AMADEU,55,0,09
696,H,COSME,55,0,09
696,D,EMERITA,55,0,09
696,D,HELENA,55,0,09
696,H,HONORIO,55,0,09
696,H,LEONCIO,55,0,09
696,D,LUCIANA,55,0,09
696,H,LUIS FERNANDO,55,0,09
696,D,MARIA ANTONIETA/MARÍA ANTONIETA,55,0,09
696,D,MARIA CONSOLACION,55,0,09
696,D,PAZ,55,0,09
696,D,PETRONILA,55,0,09
708,D,AMADORA,54,0,09
708,H,ANTON/ANTÓN,54,0,09
708,D,BASÍLIA/BASILIA,54,0,09
708,H,JOSÉ ORIOL,54,0,09
708,D,MARIA ARACELI/MARÍA ARACELI,54,0,09
708,D,MARIA DEL MAR/ MARÍA DEL MAR,54,0,09
708,D,MARIA GUADALUPE/MARÍA GUADALUPE,54,0,09
708,D,MARIA REMEI,54,0,09
708,H,NEMESIO,54,0,09
708,D,PATRÍCIA/PATRICIA,54,0,09
708,D,PLACIDA,54,0,09
719,H,AMADO,53,0,09
719,D,CATERINA,53,0,09
719,D,CLEMENCIA,53,0,09
719,H,INDALECIO,53,0,09
719,D,ISOLINA,53,0,09
719,D,MARIA JOSEPA,53,0,09
719,H,OCTAVIO,53,0,09
719,H,VÍCTOR MANUEL,53,0,09
727,D,ASSUMPTA,52,0,09
727,D,CELSA,52,0,09
727,D,ELSA,52,0,09
727,D,LUCRECIA,52,0,09
727,D,RESURRECCION,52,0,09
732,H,ABDELKADER,51,0,08
732,D,AGNÈS,51,0,08
732,H,ARTUR,51,0,08
732,D,ELOINA,51,0,08
732,H,LUIS ANTONIO,51,0,08
732,D,MARIA RITA/MARÍA RITA,51,0,08
732,D,MARÍA VALLE,51,0,08
732,D,SEGUNDA,51,0,08
740,D,DAMIANA,50,0,08
740,D,EUFEMIA,50,0,08
740,H,GIL,50,0,08
740,H,JOSEP RAMON,50,0,08
740,D,JOVITA,50,0,08
740,H,JULI,50,0,08
740,H,LUIS MARIA/LUIS MARÍA/LUIS MARIÀ,50,0,08
740,D,LUZ,50,0,08
740,H,SAMUEL,50,0,08
740,H,VIDAL,50,0,08
750,D,BLASA,49,0,08
750,D,CUSTÒDIA/CUSTODIA,49,0,08
750,D,ESPERANÇA,49,0,08
750,H,GUILLEM,49,0,08
750,D,MARIA ALÍCIA/MARÍA ALICIA,49,0,08
750,D,MARIA JOSEP,49,0,08
750,D,MARIA SIERRA/MARÍA SIERRA,49,0,08
750,D,MARIA SOL/MARÍA SOL,49,0,08
750,H,VENTURA,49,0,08
750,H,WENCESLAO,49,0,08
760,H,ANTONIO MARIA/ANTONIO MARÍA,48,0,08
760,H,AQUILINO,48,0,08
760,H,CELSO,48,0,08
760,D,DORA,48,0,08
760,H,GENÍS,48,0,08
760,D,LEOCADIA,48,0,08
760,H,PEDRO LUIS,48,0,08
767,H,ALEXANDRE,47,0,08
767,H,BRAULIO,47,0,08
767,H,FABIÁN,47,0,08
767,D,FRANCINA,47,0,08
767,H,GUSTAVO,47,0,08
767,H,HELIODORO,47,0,08
767,D,HILÀRIA/HILARIA,47,0,08
767,D,JACQUELINE,47,0,08
767,H,JUAN VICENTE,47,0,08
767,D,LUISA MARIA/LUISA MARÍA,47,0,08
767,H,URBANO,47,0,08
778,H,ABELARDO,46,0,08
778,H,ALEJO,46,0,08
778,D,AMADA,46,0,08
778,H,ANTONIO LUIS,46,0,08
778,H,BENEDICTO,46,0,08
778,D,DEMETRIA,46,0,08
778,D,GEORGINA,46,0,08
778,D,MARIA ANA/MARÍA ANA,46,0,08
778,D,MARIA MARGARITA/MARÍA MARGARITA,46,0,08
778,D,SANTIAGA,46,0,08
778,H,SILVERIO,46,0,08
789,H,ÀNGEL LUIS/ÁNGEL LUIS,45,0,07
789,H,CRESCENCIO,45,0,07
789,D,MARIA ANGÈLICA/MARÍA ANGÉLICA,45,0,07
789,D,OFÈLIA/OFELIA,45,0,07
793,D,ELISENDA,44,0,07
793,D,FELICITAT,44,0,07
793,H,LEÓN,44,0,07
793,D,LINA,44,0,07
793,D,MARIA DE LAS NIEVES/MARÍA DE LAS NIEVES,44,0,07
793,D,MARÍA JOAQUINA,44,0,07
793,H,NICANOR,44,0,07
793,H,SEVERIANO,44,0,07
793,H,TIMOTEO,44,0,07
802,H,ALI/ALÍ,43,0,07
802,D,EULOGIA,43,0,07
802,D,FELÍCIA,43,0,07
802,H,FRANCISCO MANUEL,43,0,07
802,H,MANUEL JESÚS,43,0,07
802,H,MANUEL JOSÉ,43,0,07
802,D,MARIA OLGA/MARÍA OLGA,43,0,07
802,D,MARIA RAMONA/MARÍA RAMONA,43,0,07
802,D,MARÍA SALUD,43,0,07
802,D,REYES,43,0,07
802,D,TEOFILA,43,0,07
813,D,ÀNGELA MARIA/ÁNGELA MARÍA,42,0,07
813,H,FLORENCI,42,0,07
813,D,GENEROSA,42,0,07
813,H,GERARD,42,0,07
813,D,GRISELDA,42,0,07
813,D,KHADIJA,42,0,07
813,D,MARIA ELVIRA/MARÍA ELVIRA,42,0,07
813,H,MIMOUN,42,0,07
813,D,MONTSE,42,0,07
813,D,VALERIANA,42,0,07
823,D,ALEJANDRINA,41,0,07
823,D,CARMEN MARIA/CARMEN MARÍA,41,0,07
823,D,CLAUDINA,41,0,07
823,H,CUSTODIO,41,0,07
823,H,DAMASO/DÁMASO,41,0,07
823,H,DOROTEO,41,0,07
823,D,ERUNDINA,41,0,07
823,H,EUDALD,41,0,07
823,H,JUAN JESÚS,41,0,07
823,H,LLUÍS MARIA/LLUÍS MARÍA,41,0,07
823,D,MARIA ENCARNACIÓ,41,0,07
834,D,ANTONINA,40,0,07
834,D,DIGNA,40,0,07
834,D,FE,40,0,07
834,H,FELIP,40,0,07
834,H,JUAN ANDRÉS,40,0,07
834,H,JULIO CÈSAR/JULIO CÉSAR,40,0,07
834,H,MANUEL ÀNGEL/MANUEL ÁNGEL,40,0,07
834,H,MANUEL ANTONIO,40,0,07
834,H,PEDRO MANUEL,40,0,07
834,D,SEVERINA,40,0,07
834,H,SEVERINO,40,0,07
834,D,TERESA DE JESÚS,40,0,07
846,D,AGRIPINA,39,0,06
846,H,ARCADI,39,0,06
846,H,ARGIMIRO,39,0,06
846,H,AURELIANO,39,0,06
846,D,BENIGNA,39,0,06
846,D,DOMITILA,39,0,06
846,D,ELIZABETH,39,0,06
846,D,ESTEFANIA/ESTEFANÍA,39,0,06
846,H,JOSE ANTON,39,0,06
846,H,JUAN ENRIQUE,39,0,06
846,D,MARIA BELÉN/MARÍA BELÉN,39,0,06
846,D,MARIA DESAMPARADOS,39,0,06
846,D,MARIA LEONOR/MARÍA LEONOR,39,0,06
846,D,MARIA LORETO,39,0,06
846,H,MATEU,39,0,06
846,H,PEDRO JUAN,39,0,06
862,H,ALBINO,38,0,06
862,D,AZUCENA,38,0,06
862,H,DONATO,38,0,06
862,D,DORINDA,38,0,06
862,D,DULCE NOMBRE,38,0,06
862,D,EDUVIGIS,38,0,06
862,D,ESMERALDA,38,0,06
862,H,FRANCISCO DE PAULA,38,0,06
862,H,FRUCTUOSO,38,0,06
862,H,HÈCTOR/HÉCTOR,38,0,06
862,H,JEAN PIERRE,38,0,06
862,H,JULIÀ,38,0,06
862,D,LIBRADA,38,0,06
862,D,LIUDMILA,38,0,06
862,D,MARIA ADELA,38,0,06
862,D,MARIA AGUSTINA/MARÍA AGUSTINA,38,0,06
862,D,MARIA CECÍLIA/MARÍA CECILIA,38,0,06
862,D,MARIA PETRA/MARÍA PETRA,38,0,06
862,D,MARIA SALOMÉ/MARÍA SALOMÉ,38,0,06
862,H,OVIDIO,38,0,06
862,D,RICARDA,38,0,06
883,D,ARGENTINA,37,0,06
883,D,CESAREA,37,0,06
883,D,GRACIELA,37,0,06
883,H,JOSÉ ANDRÉS,37,0,06
883,H,JUAN ÀNGEL/JUAN ÁNGEL,37,0,06
883,D,JUANA ANTONIA,37,0,06
883,D,MARTIRIO,37,0,06
883,D,MIMOUNT,37,0,06
883,H,NICASIO,37,0,06
883,H,REYES,37,0,06
883,H,ROGER,37,0,06
883,H,SIXTO,37,0,06
895,D,ALBA,36,0,06
895,D,CRUZ,36,0,06
895,H,EPIFANIO,36,0,06
895,H,JOSEP ORIOL,36,0,06
895,H,JUAN PABLO,36,0,06
895,H,LINO,36,0,06
895,D,MARIA ENRIQUETA/MARÍA ENRIQUETA,36,0,06
895,D,MARIA FE/MARÍA FE,36,0,06
895,D,MARIA MARTA/MARÍA MARTA,36,0,06
895,H,MAXIMILIANO,36,0,06
895,D,NÈLIDA/NÉLIDA,36,0,06
895,H,RAIMON/RAIMÓN,36,0,06
895,H,VENANCIO,36,0,06
908,H,ANTOLÍN,35,0,06
908,H,BRUNO,35,0,06
908,D,CAYETANA,35,0,06
908,D,COLOMA,35,0,06
908,D,CRESCENCIA,35,0,06
908,H,ISAÍAS,35,0,06
908,H,JUSTINO,35,0,06
908,H,MARCEL·LÍ,35,0,06
908,D,MARIA ADORACION/MARÍA ADORACIÓN,35,0,06
908,D,MARIA DE LA CRUZ,35,0,06
908,D,MARIA ESTER/MARÍA ESTER,35,0,06
908,D,MARIA FELISA,35,0,06
908,D,OLÍMPIA/OLIMPIA,35,0,06
908,H,ROMUALDO,35,0,06
908,H,TORIBIO,35,0,06
908,D,ZAHRA,35,0,06
924,D,ANGELINES,34,0,06
924,D,BENILDE,34,0,06
924,D,BIBIANA,34,0,06
924,H,BONAVENTURA,34,0,06
924,D,CAMILA,34,0,06
924,D,CARMINA,34,0,06
924,D,CELEDONIA,34,0,06
924,D,GALINA,34,0,06
924,H,HORACIO,34,0,06
924,H,JOAN BAPTISTA,34,0,06
924,H,JOSÉ PEDRO,34,0,06
924,D,LEANDRA,34,0,06
924,D,MARCIANA,34,0,06
924,D,MARIA CONSOL,34,0,06
924,D,MARIA OLIVA,34,0,06
924,H,MHAMED,34,0,06
924,D,ROSINA,34,0,06
924,H,ZACARÍAS,34,0,06
942,D,AMANDA,33,0,05
942,D,ANA ROSA,33,0,05
942,H,ÀNGEL JOSÉ/ÁNGEL JOSÉ,33,0,05
942,D,ANGÈLICA/ANGÉLICA,33,0,05
942,H,ARMAND,33,0,05
942,D,BONIFACIA,33,0,05
942,H,CLIMENT,33,0,05
942,D,FRANCISCA MARIA,33,0,05
942,D,HIPOLITA,33,0,05
942,D,JACOBA,33,0,05
942,H,JOSÉ ALBERTO,33,0,05
942,D,MARIA DE LA PAZ/MARÍA DE LA PAZ,33,0,05
942,D,MARIA DE LAS MERCEDES/MARÍA DE LAS MERCEDES,33,0,05
942,D,MARÍA VISITACIÓN,33,0,05
942,H,MODEST,33,0,05
942,D,YAMINA,33,0,05
958,H,AMABLE,32,0,05
958,H,ANTONINO,32,0,05
958,H,FELIU,32,0,05
958,H,GIUSEPPE,32,0,05
958,H,JOSÉ RAFAEL,32,0,05
958,D,MARIA AUXILIADORA,32,0,05
958,D,MARIA EVA/MARÍA EVA,32,0,05
958,D,NORMA,32,0,05
958,H,REMIGIO,32,0,05
958,H,ROSSEND,32,0,05
958,H,VICTORIO,32,0,05
969,D,ALBINA,31,0,05
969,D,ALEGRIA/ALEGRÍA,31,0,05
969,H,BALBINO,31,0,05
969,D,BRIGITTE,31,0,05
969,H,CARLOS MANUEL,31,0,05
969,H,DARIO/DARÍO,31,0,05
969,D,DESAMPARADOS,31,0,05
969,D,ELEUTERIA,31,0,05
969,D,ENEDINA,31,0,05
969,H,FRANCISCO LUIS,31,0,05
969,D,LEONARDA,31,0,05
969,D,MARIA EMÍLIA/MARÍA EMILIA,31,0,05
969,D,NICOLE,31,0,05
969,H,PETER,31,0,05
969,D,PIETAT,31,0,05
969,D,PRAXEDES,31,0,05
985,D,DOMINICA,30,0,05
985,D,EMPAR,30,0,05
985,H,GABINO,30,0,05
985,D,HELGA,30,0,05
985,D,INÉS MARÍA,30,0,05
985,H,JORGE LUIS,30,0,05
985,D,LAUREANA,30,0,05
985,D,MARIA AMÈLIA/MARÍA AMELIA,30,0,05
985,D,MARÍA FUENSANTA,30,0,05
985,D,MARIA LAURA/MARÍA LAURA,30,0,05
985,H,OLEGARIO,30,0,05
985,D,TATIANA,30,0,05
985,H,TELESFORO,30,0,05
998,H,AMANCIO,29,0,05
998,D,AMINA,29,0,05
998,D,ANA DOLORES,29,0,05
998,D,AQUILINA,29,0,05
998,H,BERNAT,29,0,05
998,H,CLAUDI,29,0,05
998,D,ENRICA,29,0,05
998,D,ISAURA,29,0,05
998,H,JESÚS MANUEL,29,0,05
998,H,JOAN FRANCESC,29,0,05
998,H,JOAN LLUÍS,29,0,05
998,H,JOSÉ FERNANDO,29,0,05
998,D,MARIA CANDELAS,29,0,05
998,D,MARIA JOSEFINA/MARÍA JOSEFINA,29,0,05
998,H,MÀRIUS,29,0,05
998,D,MELCHORA,29,0,05
998,H,MIQUEL ÀNGEL/MIQUEL ÁNGEL,29,0,05
1015,H,AMALIO,28,0,05
1015,H,CALIXTO,28,0,05
1015,H,CARLOS ENRIQUE,28,0,05
1015,H,EMETERIO,28,0,05
1015,D,ERMITAS,28,0,05
1015,H,EUSTAQUIO,28,0,05
1015,H,FRANCISCO JAVI,28,0,05
1015,H,JOAN MANUEL,28,0,05
1015,D,LUCILA,28,0,05
1015,D,LUCINDA,28,0,05
1015,D,MALIKA,28,0,05
1015,D,MARIA ANUNCIACION,28,0,05
1015,H,MELITON,28,0,05
1015,D,MICHELE,28,0,05
1015,H,PERFECTO,28,0,05
1015,H,RAMÓN ANTONIO,28,0,05
1015,H,RUBÈN/RUBÉN,28,0,05
1015,H,SERVANDO,28,0,05
1015,D,SIMONA,28,0,05
1015,D,SVETLANA,28,0,05
1015,D,TRANSITO,28,0,05
1015,D,VALLE,28,0,05
1037,H,ALEIX,27,0,04
1037,H,BLAI,27,0,04
1037,D,CARMEN ROSA,27,0,04
1037,H,CIRILO,27,0,04
1037,D,ELENA MARIA/ELENA MARÍA,27,0,04
1037,D,EPIFANIA,27,0,04
1037,H,JOSÉ TOMÀS/JOSÉ TOMÁS,27,0,04
1037,H,LUIS MANUEL,27,0,04
1037,H,MACARIO,27,0,04
1037,H,MANUEL MARIA/MANUEL MARÍA,27,0,04
1037,D,MARIA CANDELARIA/MARÍA CANDELARIA,27,0,04
1037,D,OLÍVIA/OLIVIA,27,0,04
1037,D,ROSENDA,27,0,04
1037,D,VERA,27,0,04
1051,D,ANTONIETA,26,0,04
1051,D,CONCHA,26,0,04
1051,D,DIANA,26,0,04
1051,D,HILDA,26,0,04
1051,H,JUAN ALBERTO,26,0,04
1051,D,LEONIDES,26,0,04
1051,D,MADRONA,26,0,04
1051,H,MARCIANO,26,0,04
1051,D,MARIA FLOR,26,0,04
1051,D,MARIA JULIANA/MARÍA JULIANA,26,0,04
1051,D,MARIA MATILDE,26,0,04
1051,D,MONIQUE,26,0,04
1051,D,NEMESIA,26,0,04
1051,D,QUITÈRIA/QUITERIA,26,0,04
1051,D,ROSITA,26,0,04
1051,H,SALUSTIANO,26,0,04
1051,D,VERÒNICA/VERÓNICA,26,0,04
1068,D,AMOR,25,0,04
1068,D,ANTOLINA,25,0,04
1068,H,ASENSIO,25,0,04
1068,D,CEFERINA,25,0,04
1068,D,CONSTANTINA,25,0,04
1068,H,CRISTINO,25,0,04
1068,H,EDMUNDO,25,0,04
1068,D,EUFRASIA,25,0,04
1068,D,EVARISTA,25,0,04
1068,H,FRANCISCO DE ASÍS,25,0,04
1068,D,GABINA,25,0,04
1068,H,JOSE BENITO,25,0,04
1068,H,JOSEP MANUEL,25,0,04
1068,D,KHADDOUJ,25,0,04
1068,H,LUIS CARLOS,25,0,04
1068,D,MARIA AZUCENA/MARÍA AZUCENA,25,0,04
1068,D,MARIA BEATRIZ/MARÍA BEATRIZ,25,0,04
1068,D,MARÍA IGNACIA,25,0,04
1068,D,MARIA SANTOS,25,0,04
1068,D,MARISA,25,0,04
1068,D,MARTHA,25,0,04
1068,H,OCTAVI,25,0,04
1068,H,RAMON JOSÉ/RAMÓN JOSÉ,25,0,04
1068,H,SILVINO,25,0,04
1068,H,VLADIMIR,25,0,04
1093,H,ABILIO,24,0,04
1093,H,ÀNGEL ANTONIO/ÁNGEL ANTONIO,24,0,04
1093,H,BAUDILIO,24,0,04
1093,D,CATHERINE,24,0,04
1093,D,CHRISTIANE,24,0,04
1093,D,CHRISTINE,24,0,04
1093,D,CLEMENTA,24,0,04
1093,H,CONRAD,24,0,04
1093,D,CONSOLACIO,24,0,04
1093,D,EDITA,24,0,04
1093,D,ELÒDIA/ELODIA,24,0,04
1093,D,ETELVINA,24,0,04
1093,H,EUDALDO,24,0,04
1093,D,FULGENCIA,24,0,04
1093,D,GLÒRIA MARIA/GLORIA MARÍA,24,0,04
1093,H,GREGORI,24,0,04
1093,D,HELIODORA,24,0,04
1093,D,HIGÍNIA/HIGINIA,24,0,04
1093,H,LAURENTINO,24,0,04
1093,D,LLÚCIA,24,0,04
1093,H,MANOLO,24,0,04
1093,D,MARIA ASCENSIÓ,24,0,04
1093,D,MARIA CATALINA/MARÍA CATALINA,24,0,04
1093,D,MARIA VIRTUDES,24,0,04
1093,D,PURIFICACIO,24,0,04
1093,H,RUPERTO,24,0,04
1093,H,SERGI,24,0,04
1093,D,SÒNIA/SONIA,24,0,04
1093,D,YAMNA,24,0,04
1122,H,ADRIANO,23,0,04
1122,D,AIDA/AÏDA/AÍDA,23,0,04
1122,H,ÀNGEL MANUEL/ÁNGEL MANUEL,23,0,04
1122,H,ANTONIO RAMÓN,23,0,04
1122,D,BRÀULIA/BRAULIA,23,0,04
1122,D,CONSTANCIA,23,0,04
1122,H,DRISS,23,0,04
1122,H,EULALIO,23,0,04
1122,H,EUSEBI,23,0,04
1122,D,EUSTAQUIA,23,0,04
1122,D,EVÈLIA/EVELIA,23,0,04
1122,H,FERMÍ,23,0,04
1122,D,FINA,23,0,04
1122,H,FLORIAN,23,0,04
1122,H,HASSAN,23,0,04
1122,H,JESÚS ÀNGEL/JESÚS ÁNGEL,23,0,04
1122,H,JESÚS ANTONIO,23,0,04
1122,H,JORGE ANTONIO,23,0,04
1122,D,JOSEFA ANTÒNIA/JOSEFA ANTONIA,23,0,04
1122,H,JUAN DOMINGO,23,0,04
1122,D,JUDITH,23,0,04
1122,H,MANUEL FRANCISCO,23,0,04
1122,D,MARIA CLAUSTRE/MARÍA CLAUSTRE,23,0,04
1122,D,MARIA IRENE/MARÍA IRENE,23,0,04
1122,D,MARIA JOANA,23,0,04
1122,D,MARIA PATROCINIO,23,0,04
1122,H,MICHEL,23,0,04
1122,H,MUHAMMAD,23,0,04
1122,H,NATALIO,23,0,04
1122,H,SIMEÓN,23,0,04
1152,H,ALEXANDER,22,0,04
1152,H,ANTONIO MIGUEL,22,0,04
1152,H,ATANASIO,22,0,04
1152,D,CONSTANZA,22,0,04
1152,H,DÍDAC,22,0,04
1152,H,DIMAS,22,0,04
1152,D,DOSINDA,22,0,04
1152,D,FABIOLA,22,0,04
1152,D,FATMA,22,0,04
1152,H,FORTUNATO,22,0,04
1152,H,FRANCESCO,22,0,04
1152,D,GEMA,22,0,04
1152,H,GIOVANNI,22,0,04
1152,D,GISELA,22,0,04
1152,D,HABIBA,22,0,04
1152,H,HUMBERTO,22,0,04
1152,D,HUMILDAD,22,0,04
1152,D,JOANA MARIA/JOANA MARÍA,22,0,04
1152,H,JOAQUÍN MARÍA,22,0,04
1152,H,JORGE JUAN,22,0,04
1152,H,JOSEP ANTON/JOSEP ANTÓN,22,0,04
1152,H,LADISLAO,22,0,04
1152,D,MARÍA PRESENTACIÓN,22,0,04
1152,D,NELLY,22,0,04
1152,H,REINALDO,22,0,04
1152,D,RENATE,22,0,04
1152,D,SOLEDAT,22,0,04
1152,D,SYLVIA,22,0,04
1152,D,TAMARA,22,0,04
1181,H,ABDON/ABDÓN,21,0,03
1181,D,ANA ISABEL,21,0,03
1181,D,ANNE MARIE,21,0,03
1181,D,BALDOMERA,21,0,03
1181,D,BLANCA NIEVES,21,0,03
1181,H,CIRIACO,21,0,03
1181,H,CRUZ,21,0,03
1181,H,EVELIO,21,0,03
1181,D,GENARA,21,0,03
1181,D,GLADYS,21,0,03
1181,D,HALIMA,21,0,03
1181,D,ILDEFONSA,21,0,03
1181,H,INOCENTE,21,0,03
1181,H,JOAN MIQUEL,21,0,03
1181,H,JOSÉ DOMINGO,21,0,03
1181,D,MARIA DE GRÀCIA/MARÍA DE GRACIA,21,0,03
1181,D,MARIA DE LA LUZ/MARÍA DE LA LUZ,21,0,03
1181,D,MARIA FLORA,21,0,03
1181,D,MARIA MAR/MARÍA MAR,21,0,03
1181,D,MARÍA TRÁNSITO,21,0,03
1181,H,PEDRO MARIA/PEDRO MARÍA,21,0,03
1181,H,POLICARPO,21,0,03
1181,H,PORFIRIO,21,0,03
1181,D,ROSA ISABEL,21,0,03
1181,D,SETEFILLA,21,0,03
1206,H,ADOLF,20,0,03
1206,H,ADRIÀ,20,0,03
1206,D,ALBERTINA,20,0,03
1206,H,ALLAL,20,0,03
1206,H,ANIBAL/ANÍBAL,20,0,03
1206,D,ANSELMA,20,0,03
1206,D,ANUNCIACIO,20,0,03
1206,D,BUENAVENTURA,20,0,03
1206,H,CARLOS JOSÉ,20,0,03
1206,D,ESCOLÀSTICA/ESCOLÁSTICA,20,0,03
1206,H,EUFRASIO,20,0,03
1206,D,FABIANA,20,0,03
1206,H,FACUNDO,20,0,03
1206,H,FRANCESC JOSEP,20,0,03
1206,H,GERÓNIMO,20,0,03
1206,D,ÍNGRID,20,0,03
1206,H,JORGE ALBERTO,20,0,03
1206,H,JOSÉ EDUARDO,20,0,03
1206,H,JUAN AGUSTÍN,20,0,03
1206,H,JULIO ALBERTO,20,0,03
1206,D,LEONCIA,20,0,03
1206,D,LIUBOV,20,0,03
1206,H,LUIS ENRIQUE,20,0,03
1206,H,LUIS JAVIER,20,0,03
1206,H,LUIS JOSÉ,20,0,03
1206,D,MARIA RAQUEL/MARÍA RAQUEL,20,0,03
1206,D,MARÍA ROCÍO,20,0,03
1206,D,MARUJA,20,0,03
1206,H,NÈSTOR/NÉSTOR,20,0,03
1206,H,PERE JOAN,20,0,03
1206,H,PÍO,20,0,03
1206,H,REGINO,20,0,03
1206,H,SABINO,20,0,03
1206,D,SEVERIANA,20,0,03
1206,D,TEODOSIA,20,0,03
1206,H,UBALDO,20,0,03
1206,D,URBANA,20,0,03
1206,D,VIOLETA,20,0,03
1244,H,ABDELLAH,19,0,03
1244,D,ANA TERESA,19,0,03
1244,H,ANTONIO FRANCISCO,19,0,03
1244,H,CARLOS MARIA/CARLOS MARÍA,19,0,03
1244,D,DESIDERIA,19,0,03
1244,D,DORIS,19,0,03
1244,D,DULCE,19,0,03
1244,H,EUTIMIO,19,0,03
1244,H,FRANCISCO MIGUEL,19,0,03
1244,H,FRANCO,19,0,03
1244,H,GILBERTO,19,0,03
1244,H,HONORATO,19,0,03
1244,H,JOAN CARLES,19,0,03
1244,H,JOSÉ ALFONSO,19,0,03
1244,H,JOSÉ SALVADOR,19,0,03
1244,D,KARIN,19,0,03
1244,D,MAITE,19,0,03
1244,H,MARCO ANTONIO,19,0,03
1244,D,MARIA AMOR,19,0,03
1244,D,MARIA ELOÍSA/MARÍA ELOÏSA,19,0,03
1244,D,MARIA IMMACULADA,19,0,03
1244,D,MARIA LÍDIA/MARÍA LIDIA,19,0,03
1244,D,MARIA PAULA/MARÍA PAULA,19,0,03
1244,H,MAXIMIANO,19,0,03
1244,H,MIGUEL ANTONIO,19,0,03
1244,D,MIMOUNA,19,0,03
1244,D,MONIKA,19,0,03
1244,H,NICOMEDES,19,0,03
1244,D,NURI,19,0,03
1244,D,OLVIDO,19,0,03
1244,H,ORENCIO,19,0,03
1244,H,QUINTÍN,19,0,03
1244,H,ROC,19,0,03
1244,D,SALOMÉ,19,0,03
1244,H,SEVERO,19,0,03
1244,D,SIERRA,19,0,03
1280,D,ADORACIÓ,18,0,03
1280,D,ALMUDENA,18,0,03
1280,H,AMANDO,18,0,03
1280,H,ANSELM,18,0,03
1280,H,ATILANO,18,0,03
1280,D,BLANCA ROSA,18,0,03
1280,D,CAPILLA,18,0,03
1280,H,CASTO,18,0,03
1280,H,CHRISTIAN,18,0,03
1280,D,CLARISA,18,0,03
1280,D,GUILLERMA,18,0,03
1280,H,JERONI,18,0,03
1280,H,JOSÉ EMILIO,18,0,03
1280,H,JOSÉ FÉLIX,18,0,03
1280,H,JOSEP FRANCESC,18,0,03
1280,H,JUAN ALFONSO,18,0,03
1280,D,JÚLIA MARIA/JULIA MARÍA,18,0,03
1280,D,LILIANE,18,0,03
1280,D,LOLITA,18,0,03
1280,D,LURDES,18,0,03
1280,H,MANUEL LUIS,18,0,03
1280,D,MARIA DE LA SIERRA/MARÍA DE LA SIERRA,18,0,03
1280,D,MARIA DEL SOCORRO,18,0,03
1280,D,MARIA DÈLIA/MARÍA DELIA,18,0,03
1280,D,MARIA HELENA/MARÍA HELENA,18,0,03
1280,D,MARIA HERMINIA,18,0,03
1280,D,MARIA QUERALT/MARÍA QUERALT,18,0,03
1280,D,MARIA SAMPEDRO,18,0,03
1280,H,MAURO,18,0,03
1280,H,ORLANDO,18,0,03
1280,H,PEDRO MIGUEL,18,0,03
1280,H,PEDRO RAMON/PEDRO RAMÓN,18,0,03
1280,H,RENÉ,18,0,03
1280,D,ROBLEDO,18,0,03
1280,D,ROSA CARMEN,18,0,03
1280,D,ROSA ELENA,18,0,03
1280,D,SAADIA,18,0,03
1280,H,SADURNÍ,18,0,03
1280,H,SEGISMUNDO,18,0,03
1280,D,STELLA MARIS,18,0,03
1280,D,SUSANA BEATRIZ,18,0,03
1280,D,VALENTYNA,18,0,03
1280,D,VENTURA,18,0,03
1324,D,ADELIA,17,0,03
1324,D,ANA CARMEN,17,0,03
1324,D,ANICETA,17,0,03
1324,H,ANTONIO JESÚS,17,0,03
1324,D,CARMEN PILAR,17,0,03
1324,H,CONSUELO,17,0,03
1324,D,DARIA/DARÍA,17,0,03
1324,D,EDITH,17,0,03
1324,D,ELIONOR,17,0,03
1324,D,ERIKA,17,0,03
1324,D,FELICISIMA,17,0,03
1324,D,GERMANA,17,0,03
1324,D,HERMELINDA,17,0,03
1324,D,HERMENEGILDA,17,0,03
1324,H,JAIME JOSÉ,17,0,03
1324,D,JAVIERA,17,0,03
1324,H,JEAN CLAUDE,17,0,03
1324,H,JOSÉ JULIÁN,17,0,03
1324,H,JOSEP MIQUEL,17,0,03
1324,H,JUAN DIEGO,17,0,03
1324,D,JUANA DOLORES,17,0,03
1324,D,LUZ MARIA/LUZ MARÍA,17,0,03
1324,H,MANUEL ENRIQUE,17,0,03
1324,D,MARIA ADELAIDA,17,0,03
1324,D,MARÍA CARIDAD,17,0,03
1324,D,MARÍA DEL PRADO,17,0,03
1324,D,MARIA FELICIDAD/MARÍA FELICIDAD,17,0,03
1324,D,MARIA HORTÈNSIA/MARÍA HORTENSIA,17,0,03
1324,D,MARIA MISERICÒRDIA/MARÍA MISERICORDIA,17,0,03
1324,D,MIRACLE,17,0,03
1324,D,MIREIA,17,0,03
1324,D,NICASIA,17,0,03
1324,D,PERPETUA,17,0,03
1324,D,SAMPEDRO,17,0,03
1324,D,SANTA,17,0,03
1324,D,SILVINA,17,0,03
1324,D,SIXTA,17,0,03
1324,H,VALERIO,17,0,03
1362,H,ADELINO,16,0,03
1362,D,AGAPITA,16,0,03
1362,H,AMAR,16,0,03
1362,D,ANA ANTÒNIA/ANA ANTONIA,16,0,03
1362,H,ÁNGEL FRANCISCO,16,0,03
1362,H,AUGUST,16,0,03
1362,D,BERNABELA,16,0,03
1362,H,CASIANO,16,0,03
1362,D,CELINA,16,0,03
1362,H,DAMIÀ,16,0,03
1362,D,DOLORES MARIA/DOLORES MARÍA,16,0,03
1362,D,ELIDA,16,0,03
1362,H,EVARIST,16,0,03
1362,H,FELICISIMO,16,0,03
1362,H,FRANCISCO RAMON/FRANCISCO RAMÓN,16,0,03
1362,H,FROILÁN,16,0,03
1362,H,GHEORGHE,16,0,03
1362,H,IDELFONSO,16,0,03
1362,H,IVAN/IVÁN,16,0,03
1362,H,JOAQUIM MARIA,16,0,03
1362,H,JOSEP JOAN,16,0,03
1362,H,JUAN RAFAEL,16,0,03
1362,H,LEOVIGILDO,16,0,03
1362,H,LUIS FRANCISCO,16,0,03
1362,D,MARGARET,16,0,03
1362,D,MARIA ADELINA/MARÍA ADELINA,16,0,03
1362,D,MARIA ANDREA/MARÍA ANDREA,16,0,03
1362,D,MARIA BERTA,16,0,03
1362,D,MARIA DIVINA,16,0,03
1362,D,MARIA OTILIA,16,0,03
1362,D,MARIONA,16,0,03
1362,D,MARTA BEATRIZ,16,0,03
1362,D,MIREYA,16,0,03
1362,D,NOEMÍ/NOEMI,16,0,03
1362,H,NORBERT,16,0,03
1362,H,OMAR,16,0,03
1362,H,PEDRO JESÚS,16,0,03
1362,D,RKIA,16,0,03
1362,H,ROMA/ROMÀ,16,0,03
1362,D,ROMUALDA,16,0,03
1362,D,ROSALBA,16,0,03
1362,H,SENÉN,16,0,03
1362,H,SERAFÍ,16,0,03
1362,H,TEODOMIRO,16,0,03
1362,D,TERESINA,16,0,03
1362,H,TIBURCIO,16,0,03
1408,D,AMBROSIA,15,0,02
1408,H,ANDRE/ANDRÉ,15,0,02
1408,H,ÀNGEL MARIA/ÁNGEL MARÍA,15,0,02
1408,H,ANTONIO JUAN,15,0,02
1408,H,ARTEMIO,15,0,02
1408,H,AURELI,15,0,02
1408,D,BEATRIU,15,0,02
1408,H,BENJAMÍ,15,0,02
1408,D,CORNELIA,15,0,02
1408,H,DOSITEO,15,0,02
1408,H,EDELMIRO,15,0,02
1408,D,ELIDIA,15,0,02
1408,D,EUDOSIA,15,0,02
1408,H,FERNANDO LUIS,15,0,02
1408,D,GERONIMA,15,0,02
1408,H,GERVASIO,15,0,02
1408,D,GRANADA,15,0,02
1408,H,HERIBERTO,15,0,02
1408,H,HERMOGENES,15,0,02
1408,D,IRMA,15,0,02
1408,H,JOAN MANEL,15,0,02
1408,D,JORDINA,15,0,02
1408,H,JOSÉ GABRIEL,15,0,02
1408,H,JOSÉ JORGE,15,0,02
1408,H,JOSEP MANEL,15,0,02
1408,D,JOSETTE,15,0,02
1408,D,LAUDELINA,15,0,02
1408,H,LAYACHI,15,0,02
1408,H,LEOCADIO,15,0,02
1408,H,LUIS ÀNGEL,15,0,02
1408,D,MARIA CANDELA/MARÍA CANDELA,15,0,02
1408,D,MARIA FRANCESCA/MARÍA FRANCESCA,15,0,02
1408,D,MARIA GEMMA/MARÍA GEMMA,15,0,02
1408,D,MARÍA YOLANDA,15,0,02
1408,D,MARIANA DE JESÚS,15,0,02
1408,D,MARIANNE,15,0,02
1408,D,MÍRIAM/MIRIAM,15,0,02
1408,H,MUSTAPHA,15,0,02
1408,D,NORA,15,0,02
1408,D,OLGA MARIA/OLGA MARÍA,15,0,02
1408,H,ONOFRE,15,0,02
1408,H,PELAYO,15,0,02
1408,D,PEREGRINA,15,0,02
1408,H,ROBUSTIANO,15,0,02
1408,D,SILVERIA,15,0,02
1408,H,SILVIO,15,0,02
1408,H,VICENT,15,0,02
1408,H,WALTER,15,0,02
1408,D,YVONNE,15,0,02
1457,H,ALBERTO JOSÉ,14,0,02
1457,D,ALEXANDRA,14,0,02
1457,D,ALFONSINA,14,0,02
1457,D,AMABLE,14,0,02
1457,D,AMÈRICA/AMÉRICA,14,0,02
1457,D,ANA MERCEDES,14,0,02
1457,H,ANTONI MARIA,14,0,02
1457,H,ANTONIO ÀNGEL/ANTONIO ÁNGEL,14,0,02
1457,D,ASCENSIO,14,0,02
1457,H,CARLOS LUIS,14,0,02
1457,H,CASTOR,14,0,02
1457,D,EFIGENIA,14,0,02
1457,D,ESTELA,14,0,02
1457,D,EXPECTACION,14,0,02
1457,H,FERNANDO JOSÉ,14,0,02
1457,H,FRANCISCO JESÚS,14,0,02
1457,D,FRANÇOISE,14,0,02
1457,D,GABRIELE,14,0,02
1457,H,GAIETÀ/GAIETA,14,0,02
1457,D,GALYNA,14,0,02
1457,D,HEIDI,14,0,02
1457,D,HONORINA,14,0,02
1457,H,JENARO,14,0,02
1457,H,JOHN,14,0,02
1457,H,JUAN ANTON,14,0,02
1457,H,JUAN SALVADOR,14,0,02
1457,H,LARBI,14,0,02
1457,D,LETÍCIA/LETICIA,14,0,02
1457,D,LUDIVINA,14,0,02
1457,H,LUIS FELIPE,14,0,02
1457,H,LUIS RAMON/LUIS RAMÓN,14,0,02
1457,D,MANELA,14,0,02
1457,H,MANUEL RAMON/MANUEL RAMÓN,14,0,02
1457,H,MARIÀ,14,0,02
1457,D,MARIA AMÀLIA/MARÍA AMALIA,14,0,02
1457,D,MARIA CLEOFE,14,0,02
1457,D,MARIA DEL SOL/MARÍA DEL SOL,14,0,02
1457,D,MARIA ENCARNA,14,0,02
1457,D,MARIA GADOR/MARÍA GADOR,14,0,02
1457,D,MARIA PALOMA/MARÍA PALOMA,14,0,02
1457,D,MARIA RAFAELA,14,0,02
1457,D,MARIA REGINA/MARÍA REGINA,14,0,02
1457,D,MARIA TISCAR,14,0,02
1457,D,MARIA TOMASA,14,0,02
1457,D,MARIELA,14,0,02
1457,D,MARIYA,14,0,02
1457,H,MELCIOR,14,0,02
1457,H,MOHAMMAD,14,0,02
1457,D,NANCY,14,0,02
1457,H,ORIOL,14,0,02
1457,H,PAÜL/PAÚL,14,0,02
1457,H,PIERRE,14,0,02
1457,H,SALOMÓN,14,0,02
1457,H,SALVI,14,0,02
1457,H,ULPIANO,14,0,02
1457,H,WERNER,14,0,02
1513,H,ABDESSELAM,13,0,02
1513,H,ABRAHAM,13,0,02
1513,H,ALAIN,13,0,02
1513,D,ANA FRANCISCA,13,0,02
1513,D,ANA LUISA,13,0,02
1513,D,ANNE,13,0,02
1513,H,BALDIRI,13,0,02
1513,D,BALTASARA,13,0,02
1513,D,BRUNA,13,0,02
1513,H,CARLOS JAVIER,13,0,02
1513,H,CONSTANCIO,13,0,02
1513,D,DORITA,13,0,02
1513,D,ELKE,13,0,02
1513,D,ERNESTA,13,0,02
1513,D,FRANCOISE,13,0,02
1513,H,GENEROSO,13,0,02
1513,D,HERMINDA,13,0,02
1513,H,HERNÁN,13,0,02
1513,D,INOCENTA,13,0,02
1513,H,IOAN,13,0,02
1513,D,IRINA,13,0,02
1513,H,JEAN PAUL,13,0,02
1513,H,JOSÉ DAVID,13,0,02
1513,H,JOSÉ JESÚS,13,0,02
1513,H,JOSEP IGNASI,13,0,02
1513,H,JUAN FERNANDO,13,0,02
1513,H,JUSTINIANO,13,0,02
1513,D,LEONISA,13,0,02
1513,D,LUCITA,13,0,02
1513,D,LUISA FERNANDA,13,0,02
1513,D,MARAVILLA,13,0,02
1513,D,MARÍA ANGUSTIA,13,0,02
1513,D,MARIA BELLA/MARÍA BELLA,13,0,02
1513,D,MARÍA DE LOS SANTOS,13,0,02
1513,D,MARIA GREGORIA,13,0,02
1513,D,MARIA JACINTA,13,0,02
1513,D,MARÍA LLANOS,13,0,02
1513,D,MARIA OFELIA,13,0,02
1513,D,MARIA RESURRECCION,13,0,02
1513,D,MARIE THERESE,13,0,02
1513,D,MARTINE,13,0,02
1513,H,MILLAN/MILLÁN,13,0,02
1513,H,NAZARIO,13,0,02
1513,H,OLEGUER,13,0,02
1513,D,PATROCINIA,13,0,02
1513,H,PAULO,13,0,02
1513,H,PEDRO FRANCISCO,13,0,02
1513,H,PEDRO PABLO,13,0,02
1513,H,RICHARD,13,0,02
1513,H,RIGOBERTO,13,0,02
1513,D,ROSALINDA,13,0,02
1513,H,SALVATORE,13,0,02
1513,D,SUSAN,13,0,02
1513,D,SUSANNA,13,0,02
1513,D,TECLA,13,0,02
1513,D,TELESFORA,13,0,02
1513,H,TIRSO,13,0,02
1513,H,TRINIDAD,13,0,02
1513,H,VASILE,13,0,02
1513,D,VENANCIA,13,0,02
1513,H,VIKTOR,13,0,02
1513,D,ZOILA,13,0,02
1575,H,ABDERRAHMAN,12,0,02
1575,H,AHMAD,12,0,02
1575,D,ALTAGRACIA,12,0,02
1575,H,ÀNGEL CUSTODIO/ÁNGEL CUSTODIO,12,0,02
1575,H,ÀNGEL MIGUEL/ÁNGEL MIGUEL,12,0,02
1575,D,ANNIE,12,0,02
1575,H,ANTHONY,12,0,02
1575,H,APOLONIO,12,0,02
1575,D,AURITA,12,0,02
1575,H,CARLO,12,0,02
1575,D,CARMEN TERESA,12,0,02
1575,H,CAYO,12,0,02
1575,D,CLEOFE,12,0,02
1575,D,CONXA,12,0,02
1575,D,CORAL,12,0,02
1575,D,DANIELLE,12,0,02
1575,D,DULCE MARIA/DULCE MARÍA,12,0,02
1575,H,EL HASSAN,12,0,02
1575,D,ELISA MARIA/ELISA MARÍA,12,0,02
1575,H,EUTIQUIO,12,0,02
1575,D,FLOR,12,0,02
1575,H,FRANCISCO JUAN,12,0,02
1575,D,HANNELORE,12,0,02
1575,H,HORTENSIO,12,0,02
1575,H,JACOBO,12,0,02
1575,D,JANET,12,0,02
1575,D,JOANNA,12,0,02
1575,H,JOAQUÍN JOSÉ,12,0,02
1575,H,JOSÉ AGUSTÍN,12,0,02
1575,H,JOSÉ ALEJANDRO,12,0,02
1575,H,JOSÉ DANIEL,12,0,02
1575,H,JOSÉ PABLO,12,0,02
1575,D,JOSEFA DOLORES,12,0,02
1575,D,JUANA ROSA,12,0,02
1575,D,LARISA,12,0,02
1575,H,LISARDO,12,0,02
1575,H,LOPE,12,0,02
1575,D,LUZ MARINA,12,0,02
1575,H,MARCELIANO,12,0,02
1575,D,MARIA AURÈLIA/MARÍA AURELIA,12,0,02
1575,D,MARIA CABEZA,12,0,02
1575,D,MARIA CAMINO,12,0,02
1575,D,MARIA DE LA CABEZA,12,0,02
1575,D,MARIA DEL REMEI,12,0,02
1575,D,MARIA DEL TURA/MARÍA DEL TURA,12,0,02
1575,D,MARIA ELSA,12,0,02
1575,D,MARIA ESPERANÇA,12,0,02
1575,D,MARIA FÀTIMA/MARÍA FÁTIMA,12,0,02
1575,D,MARIA GLADYS,12,0,02
1575,D,MARIA GRACIELA,12,0,02
1575,D,MARIA MILAGROSA,12,0,02
1575,D,MARIA OBDULIA,12,0,02
1575,D,MARIA PURA,12,0,02
1575,D,MARIA SACRAMENTO,12,0,02
1575,D,MARLENE,12,0,02
1575,D,MARTA MARIA/MARTA MARÍA,12,0,02
1575,D,MATEA,12,0,02
1575,H,MAURICI,12,0,02
1575,H,MOKHTAR,12,0,02
1575,H,ODILO,12,0,02
1575,D,OLEGARIA,12,0,02
1575,D,OVIDIA,12,0,02
1575,D,PALOMA,12,0,02
1575,D,PILAR MARIA/PILAR MARÍA,12,0,02
1575,D,RHIMOU,12,0,02
1575,H,ROLANDO,12,0,02
1575,D,ROSA ANA,12,0,02
1575,D,ROSA PILAR,12,0,02
1575,H,RUDOLF,12,0,02
1575,H,SAID/SAÏD,12,0,02
1575,H,SALVIO,12,0,02
1575,D,SECUNDINA,12,0,02
1575,D,SILVESTRA,12,0,02
1575,H,VALERO,12,0,02
1575,H,ZOILO,12,0,02
1650,H,ABDELAZIZ,11,0,02
1650,H,ABUNDIO,11,0,02
1650,H,ACISCLO,11,0,02
1650,H,ÀLVAR,11,0,02
1650,D,AMANCIA,11,0,02
1650,D,ANA CRISTINA,11,0,02
1650,D,ANA VICTÒRIA/ANA VICTORIA,11,0,02
1650,H,APOLINAR,11,0,02
1650,H,ARMENGOL,11,0,02
1650,H,ARNALDO,11,0,02
1650,D,ARSENIA,11,0,02
1650,D,ASCENCION,11,0,02
1650,D,AYADA,11,0,02
1650,D,BEATRICE,11,0,02
1650,H,BENAISSA,11,0,02
1650,D,BERNADETTE,11,0,02
1650,H,BRIGIDO,11,0,02
1650,D,CANDELAS,11,0,02
1650,H,CARLOS RAMON/CARLOS RAMÓN,11,0,02
1650,D,CIRILA,11,0,02
1650,H,CRISPIN,11,0,02
1650,H,DALMACIO,11,0,02
1650,D,DEOGRACIAS,11,0,02
1650,H,EUSTASIO,11,0,02
1650,D,EVA MARIA/EVA MARÍA,11,0,02
1650,D,EVELINA,11,0,02
1650,D,EXPIRACION,11,0,02
1650,H,FRANCESC DE PAULA,11,0,02
1650,H,FRANCISCO ASIS,11,0,02
1650,H,GUZMÁN,11,0,02
1650,D,HANNA,11,0,02
1650,H,HERNANDO,11,0,02
1650,H,HUGO,11,0,02
1650,D,INDALECIA,11,0,02
1650,D,ISABEL ANA,11,0,02
1650,D,ISABEL ROSA,11,0,02
1650,H,ISABELO,11,0,02
1650,D,JENNIFER,11,0,02
1650,H,JORGE EDUARDO,11,0,02
1650,H,JOSÉ EUGENIO,11,0,02
1650,H,JOSÉ JULIO,11,0,02
1650,H,JUAN DE LA CRUZ,11,0,02
1650,H,JUAN ESTEBAN,11,0,02
1650,H,JUAN TOMÀS/JUAN TOMÁS,11,0,02
1650,D,JUANA FRANCISCA,11,0,02
1650,D,JULIETA,11,0,02
1650,H,KARL HEINZ,11,0,02
1650,D,LARYSA,11,0,02
1650,D,LAURENTINA,11,0,02
1650,H,LEANDRE,11,0,02
1650,D,LIDUVINA,11,0,02
1650,D,LÍGIA/LIGIA,11,0,02
1650,D,LILIANA,11,0,02
1650,H,LUIS ALFONSO,11,0,02
1650,H,LUIS IGNACIO,11,0,02
1650,D,LYUBOV,11,0,02
1650,D,LYUDMYLA,11,0,02
1650,H,MANUEL CARLOS,11,0,02
1650,H,MANUEL VICENTE,11,0,02
1650,D,MARIA CLAUSTRO,11,0,02
1650,D,MARÍA DEL AMOR,11,0,02
1650,D,MARIA DEL ROCÍO/MARÍA DEL ROCÍO,11,0,02
1650,D,MARIA FLORENTINA,11,0,02
1650,D,MARIA SARA/MARÍA SARA,11,0,02
1650,D,MARIA SOFIA/MARÍA SOFÍA,11,0,02
1650,D,MARIA SUSANA/MARÍA SUSANA,11,0,02
1650,D,MARIA VINYET,11,0,02
1650,H,MARÍN,11,0,02
1650,D,MARY,11,0,02
1650,D,MAURA,11,0,02
1650,D,MAXIMILIANA,11,0,02
1650,D,MENNANA,11,0,02
1650,H,MIKHAIL,11,0,02
1650,D,MILAGRO,11,0,02
1650,H,MYKOLA,11,0,02
1650,D,MYRIAM,11,0,02
1650,D,NAVIDAD,11,0,02
1650,H,NELSON,11,0,02
1650,H,NICOLAU,11,0,02
1650,H,PANTALEÓN,11,0,02
1650,H,PASCASIO,11,0,02
1650,H,PERE LLUÍS,11,0,02
1650,D,PERFECTA,11,0,02
1650,H,POMPEYO,11,0,02
1650,D,QUINTINA,11,0,02
1650,D,RAISA,11,0,02
1650,H,RAYMOND,11,0,02
1650,D,SAFIA,11,0,02
1650,H,TEOLINDO,11,0,02
1650,H,VALERI,11,0,02
1650,H,VÍCTOR JOSÉ,11,0,02
1650,D,WALTRAUD,11,0,02
1650,D,ZINAIDA,11,0,02
1650,D,ZINEB,11,0,02
1745,D,ABILIA,10,0,02
1745,H,ALDO,10,0,02
1745,H,AMARO,10,0,02
1745,D,ANA DEL CARMEN,10,0,02
1745,D,ANA MANUELA,10,0,02
1745,H,ANACLETO,10,0,02
1745,D,ANN,10,0,02
1745,D,ANTONIA JOSEFA,10,0,02
1745,H,ANTONIO RAFAEL,10,0,02
1745,H,BELARMINO,10,0,02
1745,H,BELISARIO,10,0,02
1745,D,BELLA,10,0,02
1745,D,CANDELA,10,0,02
1745,D,CARMEN DOLORES,10,0,02
1745,D,CARMEN ELENA,10,0,02
1745,H,CRISANTO,10,0,02
1745,H,DEOGRACIAS,10,0,02
1745,H,DIONIS/DIONÍS,10,0,02
1745,H,DOMENICO,10,0,02
1745,D,ELBA,10,0,02
1745,D,ELDA,10,0,02
1745,H,ELIES/ELÍES,10,0,02
1745,D,ELISEA,10,0,02
1745,H,ELOI,10,0,02
1745,H,ELPIDIO,10,0,02
1745,D,ELSA MARIA/ELSA MARÍA,10,0,02
1745,D,ELVA,10,0,02
1745,D,EZEQUIELA,10,0,02
1745,H,FILOMENO,10,0,02
1745,D,FLOR MARIA/FLOR MARÍA,10,0,02
1745,D,FLORES,10,0,02
1745,D,FRANCISCA ANTÒNIA/FRANCISCA ANTONIA,10,0,02
1745,D,FUENCISLA,10,0,02
1745,H,GALO,10,0,02
1745,D,GENEVIEVE,10,0,02
1745,D,GIOVANNA,10,0,02
1745,H,GRACIANO,10,0,02
1745,D,HILDEGARD,10,0,02
1745,D,IMELDA,10,0,02
1745,D,INGEBORG,10,0,02
1745,H,ION,10,0,02
1745,H,JEAN JACQUES,10,0,02
1745,H,JESÚS JOSÉ,10,0,02
1745,H,JESÚS MIGUEL,10,0,02
1745,H,JOSÉ FELIPE,10,0,02
1745,H,JOSÉ VÍCTOR,10,0,02
1745,D,JOSEFA CARMEN,10,0,02
1745,H,JUAN FELIPE,10,0,02
1745,H,JUAN LORENZO,10,0,02
1745,H,JUAN MARTÍN,10,0,02
1745,D,JUANA JOSEFA,10,0,02
1745,D,LEONILA,10,0,02
1745,D,LÍRIA/LIRIA,10,0,02
1745,H,LUCINIO,10,0,02
1745,H,LUÍS EDUARDO,10,0,02
1745,D,MACRINA,10,0,02
1745,D,MAMMA,10,0,02
1745,H,MARCELI,10,0,02
1745,H,MARCOS ANTONIO,10,0,02
1745,D,MARGARITA MARÍA,10,0,02
1745,D,MARIA ÀFRICA/MARÍA ÁFRICA,10,0,02
1745,D,MARIA CANDIDA,10,0,02
1745,D,MARIA DE GADOR,10,0,02
1745,D,MARIA DEL CONSUELO,10,0,02
1745,D,MARIA DEL SAGRARIO,10,0,02
1745,D,MARIA ELIA,10,0,02
1745,D,MARIA ELISABETH/MARÍA ELISABETH,10,0,02
1745,D,MARIA ERMITAS,10,0,02
1745,D,MARIA FLORES,10,0,02
1745,D,MARIA GEMA/MARÍA GEMA,10,0,02
1745,D,MARIA ISOLINA,10,0,02
1745,D,MARIA PASTORA/MARÍA PASTORA,10,0,02
1745,D,MARIA PRADO,10,0,02
1745,D,MARIA ROSALIA/MARÍA ROSALÍA,10,0,02
1745,D,MARIA SAN PEDRO,10,0,02
1745,D,MARIA SÍLVIA/MARÍA SILVIA,10,0,02
1745,D,MARIA SONSOLES/MARÍA SONSOLES,10,0,02
1745,D,MARIA VEGA,10,0,02
1745,D,MARIE,10,0,02
1745,D,MARIIA,10,0,02
1745,D,MARION,10,0,02
1745,D,MAURÍCIA/MAURICIA,10,0,02
1745,H,MÀXIM,10,0,02
1745,H,MELQUIADES,10,0,02
1745,H,MICHAEL,10,0,02
1745,H,MICHAEL JOHN,10,0,02
1745,H,MICHELE,10,0,02
1745,H,MIGUEL JOSÉ,10,0,02
1745,H,MIGUEL JUAN,10,0,02
1745,D,NORMA BEATRIZ,10,0,02
1745,D,OLAYA,10,0,02
1745,H,PELEGRIN,10,0,02
1745,D,PRISCILA,10,0,02
1745,H,RAFAEL ANTONIO,10,0,02
1745,H,RAFAEL JOSÉ,10,0,02
1745,D,REBECA,10,0,02
1745,H,ROGELI,10,0,02
1745,D,ROMANA,10,0,02
1745,D,ROSA DEL CARMEN,10,0,02
1745,D,ROSA TERESA,10,0,02
1745,D,ROSARIO MARIA/ROSARIO MARÍA,10,0,02
1745,H,RUFO,10,0,02
1745,H,SALAH,10,0,02
1745,D,SANDRA,10,0,02
1745,D,SILVANA,10,0,02
1745,H,SILVANO,10,0,02
1745,H,TEODOSIO,10,0,02
1745,H,VICENTE JOSÉ,10,0,02
1745,H,VÍCTOR HUGO,10,0,02
1745,H,VINCENZO,10,0,02
1745,H,VIRGINIO,10,0,02
1745,H,WILLIAM,10,0,02
1745,D,ZOULIKHA,10,0,02
1858,D,ALICIA SUSANA,9,0,01
1858,D,ANA LUCÍA,9,0,01
1858,H,ANTONIO CARLOS,9,0,01
1858,H,ANTONIO ENRIQUE,9,0,01
1858,H,ANTONIO PEDRO,9,0,01
1858,D,BEATRIZ MARIA/BEATRIZ MARÍA,9,0,01
1858,H,BERNARD,9,0,01
1858,H,BIBIANO,9,0,01
1858,D,BLANCA CECILIA,9,0,01
1858,H,BRIAN,9,0,01
1858,D,CAMÈLIA/CAMELIA,9,0,01
1858,H,CARLOS ANTONIO,9,0,01
1858,D,CHRISTA,9,0,01
1858,D,CHRISTEL,9,0,01
1858,D,COLETTE,9,0,01
1858,D,CRISANTA,9,0,01
1858,D,CRISTETA,9,0,01
1858,D,DÀLIA/DALIA,9,0,01
1858,D,DELMIRA,9,0,01
1858,H,DOMICIANO,9,0,01
1858,H,EDUARDO JOSÉ,9,0,01
1858,H,ELIGIO,9,0,01
1858,H,ELIO,9,0,01
1858,D,EMELINA,9,0,01
1858,H,EMERIO,9,0,01
1858,H,ENRIQUE JOSÉ,9,0,01
1858,D,ESTHER MARIA/ESTHER MARÍA,9,0,01
1858,H,EUFEMIO,9,0,01
1858,D,FANNY,9,0,01
1858,H,FILIBERTO,9,0,01
1858,D,FLOR DE MARIA,9,0,01
1858,H,FRUTOS,9,0,01
1858,H,GASTÓN,9,0,01
1858,H,GEORGE,9,0,01
1858,D,GEORGETA,9,0,01
1858,D,HADDA,9,0,01
1858,D,HALYNA,9,0,01
1858,H,HANS,9,0,01
1858,D,HAYDEE,9,0,01
1858,D,ILDA,9,0,01
1858,H,ILDEFONS,9,0,01
1858,D,IRIS,9,0,01
1858,H,JAIME ENRIQUE,9,0,01
1858,D,JEMAA,9,0,01
1858,H,JOAN ENRIC,9,0,01
1858,H,JORGE FRANCISCO,9,0,01
1858,H,JOSÉ MARTÍN,9,0,01
1858,D,JOSEFA ROSA,9,0,01
1858,H,JOSEP ANTONIO,9,0,01
1858,H,JUAN GABRIEL,9,0,01
1858,H,JUAN JAVIER,9,0,01
1858,H,JUAN JORGE,9,0,01
1858,H,JUAN JULIÁN,9,0,01
1858,H,JULIO ANTONIO,9,0,01
1858,H,JULIO MANUEL,9,0,01
1858,H,JURGEN,9,0,01
1858,D,LATIFA,9,0,01
1858,D,LÍVIA/LIVIA,9,0,01
1858,H,LLÀTZER,9,0,01
1858,H,LLORENS,9,0,01
1858,D,LOLA,9,0,01
1858,H,LUIS VICENTE,9,0,01
1858,D,MADELEINE,9,0,01
1858,D,MARÍA AGUEDA,9,0,01
1858,D,MARIA BENITA,9,0,01
1858,D,MARIA DE JESUS,9,0,01
1858,D,MARÍA DE LA SOLEDAD,9,0,01
1858,D,MARIA EMMA,9,0,01
1858,D,MARIA FARNES,9,0,01
1858,D,MARIA GERTRUDIS,9,0,01
1858,D,MARIA MARAVILLAS,9,0,01
1858,D,MARIA NELIDA,9,0,01
1858,D,MARIA VIRGÍNIA/MARÍA VIRGINIA,9,0,01
1858,H,MARIO ANTONIO,9,0,01
1858,D,MARTA SUSANA,9,0,01
1858,D,MIRTA,9,0,01
1858,H,MOHAND,9,0,01
1858,D,OROSIA,9,0,01
1858,H,PABLO ANTONIO,9,0,01
1858,D,PAMELA,9,0,01
1858,D,PASIÓN,9,0,01
1858,H,PATROCINIO,9,0,01
1858,H,RAMÓN FRANCISCO,9,0,01
1858,H,RENATO,9,0,01
1858,H,RESTITUTO,9,0,01
1858,H,SANDALIO,9,0,01
1858,H,SERAPIO,9,0,01
1858,D,SERGIA,9,0,01
1858,D,SINFOROSA,9,0,01
1858,H,SOTERO,9,0,01
1858,D,SVITLANA,9,0,01
1858,D,TERESA PILAR,9,0,01
1858,D,THERESE,9,0,01
1858,H,VICENTE ANTONIO,9,0,01
1858,D,VICTÒRIA EUGÈNIA/VICTORIA EUGENIA,9,0,01
1858,D,VIRA,9,0,01
1954,D,ADELA MARIA/ADELA MARÍA,8,0,01
1954,H,AISSA,8,0,01
1954,D,ALCIRA,8,0,01
1954,D,ALÍCIA MARIA/ALICIA MARÍA,8,0,01
1954,D,ANA MARIA DEL CARMEN,8,0,01
1954,D,ANA PILAR,8,0,01
1954,D,ANACLETA,8,0,01
1954,H,ANGEL ENRIQUE,8,0,01
1954,H,ÀNGEL RAMON/ÁNGEL RAMÓN,8,0,01
1954,D,ANIANA,8,0,01
1954,H,ANTON MARIA/ANTÓN MARÍA,8,0,01
1954,D,ANUNCIA,8,0,01
1954,D,ARGIMIRA,8,0,01
1954,H,ASTERIO,8,0,01
1954,D,ATANASIA,8,0,01
1954,D,BELARMINA,8,0,01
1954,D,BENJAMINA,8,0,01
1954,D,CARMEN ISABEL,8,0,01
1954,D,CARMEN MERCEDES,8,0,01
1954,H,CASIMIR,8,0,01
1954,H,CLARO,8,0,01
1954,H,CLAUDE,8,0,01
1954,H,CONSTANTÍ,8,0,01
1954,H,CORNELIO,8,0,01
1954,D,CORONADA,8,0,01
1954,H,DAVID JOHN,8,0,01
1954,D,DONATA,8,0,01
1954,D,DONATILA,8,0,01
1954,H,EDUARDO MANUEL,8,0,01
1954,H,ELISEU,8,0,01
1954,D,ELPIDIA,8,0,01
1954,D,ENCARNACION MARIA,8,0,01
1954,D,ERLINDA,8,0,01
1954,D,EUTIMIA,8,0,01
1954,D,FACUNDA,8,0,01
1954,D,FAUSTA,8,0,01
1954,H,FLORENTIN,8,0,01
1954,H,FRANCESC ASSIS,8,0,01
1954,D,FRANCISCA DOLORES,8,0,01
1954,H,FRANCISCO MARIA,8,0,01
1954,H,FRANCISCO SALVADOR,8,0,01
1954,D,FRUCTUOSA,8,0,01
1954,D,GADOR,8,0,01
1954,H,GAUDENCIO,8,0,01
1954,H,GEORGES,8,0,01
1954,H,GIANCARLO,8,0,01
1954,H,GIORGIO,8,0,01
1954,H,GRACILIANO,8,0,01
1954,H,HANS PETER,8,0,01
1954,H,HILARI,8,0,01
1954,H,HUGO ALBERTO,8,0,01
1954,D,ILSE,8,0,01
1954,H,ISABELINO,8,0,01
1954,H,JAIME RAMON,8,0,01
1954,H,JAN,8,0,01
1954,H,JEAN,8,0,01
1954,H,JOAN BAUTISTA,8,0,01
1954,H,JOAN PERE,8,0,01
1954,H,JOEL,8,0,01
1954,H,JORGE ENRIQUE,8,0,01
1954,D,JORGINA,8,0,01
1954,H,JOSÉ GUILLERMO,8,0,01
1954,H,JOSÉ RAÜL/JOSÉ RAÚL,8,0,01
1954,D,JOSEFA ISABEL,8,0,01
1954,D,JOSEFA PILAR,8,0,01
1954,H,JOSEPH,8,0,01
1954,D,JOSEPHINE,8,0,01
1954,D,JUANA CARMEN,8,0,01
1954,D,JUANA TERESA,8,0,01
1954,D,KATHLEEN,8,0,01
1954,H,LAMBERTO,8,0,01
1954,D,LEOVIGILDA,8,0,01
1954,H,LIBERTO,8,0,01
1954,D,LÍBIA/LIBIA,8,0,01
1954,D,LUCIA MARIA/LUCÍA MARÍA,8,0,01
1954,D,LUTGARDA,8,0,01
1954,H,MANFRED,8,0,01
1954,H,MARCO,8,0,01
1954,D,MARGRIT,8,0,01
1954,D,MARIA ADORACIO,8,0,01
1954,D,MARIA ALEGRIA/MARÍA ALEGRÍA,8,0,01
1954,D,MARIA ALFONSA,8,0,01
1954,D,MARIA ANNA,8,0,01
1954,D,MARIA ARGENTINA/MARÍA ARGENTINA,8,0,01
1954,D,MARIA AUREA,8,0,01
1954,D,MARIA BERNARDA,8,0,01
1954,D,MARIA CELSA,8,0,01
1954,D,MARIA COVADONGA/MARÍA COVADONGA,8,0,01
1954,D,MARIA DE LA ASUNCION,8,0,01
1954,D,MARIA DE LA CONCEPCIÓN/MARÍA DE LA CONCEPCIÓN,8,0,01
1954,D,MARÍA DE LA O,8,0,01
1954,D,MARIA DULCE/MARÍA DULCE,8,0,01
1954,D,MARIA FARNERS/MARÍA FARNERS,8,0,01
1954,D,MARIA FELIPA,8,0,01
1954,D,MARIA GABRIELA/MARÍA GABRIELA,8,0,01
1954,D,MARIA ISAURA,8,0,01
1954,D,MARIA LLUM/MARÍA LLUM,8,0,01
1954,D,MARIA LORENZA,8,0,01
1954,D,MARIA LUCRECIA,8,0,01
1954,D,MARIA PAU/MARÍA PAU,8,0,01
1954,D,MARIA RAMOS,8,0,01
1954,D,MARIA SONIA,8,0,01
1954,H,MARTINIANO,8,0,01
1954,H,MBAREK,8,0,01
1954,D,MELÀNIA/MELANIA,8,0,01
1954,D,MERCEDES MARIA/MERCEDES MARÍA,8,0,01
1954,H,MIGUEL ENRIQUE,8,0,01
1954,H,MIGUEL LUIS,8,0,01
1954,D,MIQUELA,8,0,01
1954,D,NADEZDA,8,0,01
1954,H,NICOLAE,8,0,01
1954,D,OLALLA,8,0,01
1954,D,OLENA,8,0,01
1954,D,ORFELINA,8,0,01
1954,H,PABLO JOSÉ,8,0,01
1954,H,PASQUALE,8,0,01
1954,D,PATRICIA ANN,8,0,01
1954,H,PEDRO ÁNGEL,8,0,01
1954,H,PERE RAMON,8,0,01
1954,H,PHILIPPE,8,0,01
1954,D,PORFIRIA,8,0,01
1954,H,RAMON ENRIQUE,8,0,01
1954,H,ROLF,8,0,01
1954,D,RUPERTA,8,0,01
1954,H,SATURIO,8,0,01
1954,D,SIMONE,8,0,01
1954,D,SOLANGE,8,0,01
1954,H,STEFAN,8,0,01
1954,D,TAMA,8,0,01
1954,D,TAMIMOUNT,8,0,01
1954,D,TAMOU,8,0,01
1954,D,TERESA CARMEN,8,0,01
1954,D,VALÈRIA/VALERIA,8,0,01
1954,D,VILLA,8,0,01
1954,H,VOLODYMYR,8,0,01
1954,D,ZENAIDA,8,0,01
2090,H,ABDUL,7,0,01
2090,H,ADALBERTO,7,0,01
2090,H,ADELIO,7,0,01
2090,H,ALBERTO MANUEL,7,0,01
2090,D,ALINA,7,0,01
2090,D,ALSIRA,7,0,01
2090,D,ANA JOAQUINA,7,0,01
2090,D,ANA JÚLIA/ANA JULIA,7,0,01
2090,H,ANATOLII,7,0,01
2090,D,ANGELES MARIA,7,0,01
2090,D,ANGUSTIA,7,0,01
2090,H,ANTOLIANO,7,0,01
2090,D,ANTONIA PILAR,7,0,01
2090,H,ANTONIO SALVADOR,7,0,01
2090,H,ARÍSTIDES,7,0,01
2090,H,ARSENI,7,0,01
2090,H,ARTEMI,7,0,01
2090,H,ATAULFO,7,0,01
2090,D,AURA,7,0,01
2090,H,AYAD,7,0,01
2090,H,BENICIO,7,0,01
2090,H,BENVINGUT,7,0,01
2090,D,BERNABEA,7,0,01
2090,H,BERND,7,0,01
2090,D,BETTY,7,0,01
2090,H,BRAHIM,7,0,01
2090,D,CALAMANDA,7,0,01
2090,H,CAMIL,7,0,01
2090,H,CANDELARIO,7,0,01
2090,H,CARLOS ARTURO,7,0,01
2090,H,CARLOS FRANCISCO,7,0,01
2090,H,CARLOS MIGUEL,7,0,01
2090,H,CARMEL,7,0,01
2090,D,CARMEN JOSEFA,7,0,01
2090,D,CARMEN LUISA,7,0,01
2090,D,CAROL,7,0,01
2090,D,CATALINA MARIA/CATALINA MARÍA,7,0,01
2090,D,CELERINA,7,0,01
2090,H,CELESTÍ,7,0,01
2090,D,CÈLIA MARIA/CELIA MARÍA,7,0,01
2090,D,CLAUDINE,7,0,01
2090,H,CONSTANTIN,7,0,01
2090,D,CRESENCIA,7,0,01
2090,D,CRISPINA,7,0,01
2090,H,CRISTÒFOL,7,0,01
2090,D,DANIELE,7,0,01
2090,H,DELFINO,7,0,01
2090,H,DIEGO LUIS,7,0,01
2090,D,DINA,7,0,01
2090,D,DIVINA PASTORA,7,0,01
2090,D,DOLORES JOSEFA,7,0,01
2090,H,DUMITRU,7,0,01
2090,H,EDUARDO ALBERTO,7,0,01
2090,H,EDUARDO ANTONIO,7,0,01
2090,H,EDWARD,7,0,01
2090,D,ÈLIANE/ELIANE,7,0,01
2090,D,EMERENCIANA,7,0,01
2090,H,EMILIO JOSÉ,7,0,01
2090,H,ERIC/ÈRIC/ÉRIC,7,0,01
2090,H,ESCOLASTICO,7,0,01
2090,H,ESTANISLAU,7,0,01
2090,H,FELIO,7,0,01
2090,H,FÉLIX JOSÉ,7,0,01
2090,D,FIDENCIA,7,0,01
2090,H,FLORINDO,7,0,01
2090,D,FORTUNATA,7,0,01
2090,D,FRANCA,7,0,01
2090,H,FRANCESC D ASSIS,7,0,01
2090,H,FRANCIS,7,0,01
2090,D,FRANCISCA DE PAULA,7,0,01
2090,D,GIUSEPPINA,7,0,01
2090,H,GUSTAVO ADOLFO,7,0,01
2090,D,HADHOUM,7,0,01
2090,D,HAFIDA,7,0,01
2090,D,HELENE,7,0,01
2090,H,IBRAHIM,7,0,01
2090,D,IDA,7,0,01
2090,H,IGNACIO MARIA/IGNACIO MARÍA,7,0,01
2090,D,ILONA,7,0,01
2090,H,ILUMINADO,7,0,01
2090,D,IRMGARD,7,0,01
2090,D,ISABEL CARMEN,7,0,01
2090,H,ISIDOR,7,0,01
2090,H,JEAN FRANÇOIS,7,0,01
2090,H,JESUS LUIS,7,0,01
2090,H,JOAN ALBERT,7,0,01
2090,H,JOAN IGNASI,7,0,01
2090,H,JORGE JOSÉ,7,0,01
2090,H,JORGE MARÍA,7,0,01
2090,H,JORGE OMAR,7,0,01
2090,H,JOSE DOLORES,7,0,01
2090,H,JOSÉ ESTEBAN,7,0,01
2090,H,JOSÉ JAIME,7,0,01
2090,H,JOSE MARIANO,7,0,01
2090,H,JOSÉ RICARDO,7,0,01
2090,H,JOSÉ SANTIAGO,7,0,01
2090,H,JOSEP ENRIC,7,0,01
2090,H,JOSEP PERE,7,0,01
2090,H,JUAN EMILIO,7,0,01
2090,H,JUAN FÉLIX,7,0,01
2090,H,JUAN JOAQUÍN,7,0,01
2090,H,JULIO ENRIQUE,7,0,01
2090,H,JUST,7,0,01
2090,D,KATERYNA,7,0,01
2090,H,LAHCEN,7,0,01
2090,D,LAUDINA,7,0,01
2090,H,LAUREÀ,7,0,01
2090,H,LIBRADO,7,0,01
2090,D,LIUDMYLA,7,0,01
2090,D,LUCINIA,7,0,01
2090,H,LUIGI,7,0,01
2090,H,LUIS GONZAGA,7,0,01
2090,H,LUIS HUMBERTO,7,0,01
2090,H,LUIS RAFAEL,7,0,01
2090,D,LYUDMILA,7,0,01
2090,D,MAHJOUBA,7,0,01
2090,D,MAMA,7,0,01
2090,H,MANUEL DE JESÚS,7,0,01
2090,H,MANUEL FERNANDO,7,0,01
2090,H,MANUEL IGNACIO,7,0,01
2090,H,MANUEL MIGUEL,7,0,01
2090,H,MANUEL TOMÀS/MANUEL TOMÁS,7,0,01
2090,D,MARCA,7,0,01
2090,D,MARGARITA ROSA,7,0,01
2090,D,MARIA ALEJANDRA/MARÍA ALEJANDRA,7,0,01
2090,D,MARIA AMERICA,7,0,01
2090,D,MARIA ARÀNZAZU/MARÍA ARÁNZAZU,7,0,01
2090,D,MARIA CELINA,7,0,01
2090,D,MARIA DE LA CONCEPCIO,7,0,01
2090,D,MARIA DE LAS HUERTAS,7,0,01
2090,D,MARIA DE LES NEUS,7,0,01
2090,D,MARIA DEL AMPARO,7,0,01
2090,D,MARIA DEL TRANSITO,7,0,01
2090,D,MARIA DULCE NOMBRE,7,0,01
2090,D,MARIA ELIDA,7,0,01
2090,D,MARIA ESMERALDA/MARÍA ESMERALDA,7,0,01
2090,D,MARIA FELICITAS/MARÍA FELICITAS,7,0,01
2090,D,MARIA FILOMENA,7,0,01
2090,D,MARIA GEORGINA/MARÍA GEORGINA,7,0,01
2090,D,MARIA INOCENCIA,7,0,01
2090,D,MARIA ISIDORA,7,0,01
2090,D,MARIA JESUSA,7,0,01
2090,D,MARIA LUCINDA,7,0,01
2090,D,MARIA MICAELA/MARÍA MICAELA,7,0,01
2090,D,MARIA PIA/MARÍA PÍA,7,0,01
2090,D,MARIA TEODORA/MARÍA TEODORA,7,0,01
2090,D,MARIE FRANCE,7,0,01
2090,D,MARILUZ,7,0,01
2090,H,MARTIRIA,7,0,01
2090,D,MATILDE MARIA/MATILDE MARÍA,7,0,01
2090,D,MBARKA,7,0,01
2090,H,MEDIN,7,0,01
2090,H,MHAMMED,7,0,01
2090,D,MICHELLE,7,0,01
2090,H,MIGUEL MANUEL,7,0,01
2090,H,MIGUEL RAMON/MIGUEL RAMÓN,7,0,01
2090,D,MINERVA,7,0,01
2090,D,NATI,7,0,01
2090,D,NÈLIA/NELIA,7,0,01
2090,D,NELIDA BEATRIZ,7,0,01
2090,D,ODETTE,7,0,01
2090,D,ODILE,7,0,01
2090,D,ORENCIA,7,0,01
2090,H,PAOLO,7,0,01
2090,H,PASQUAL,7,0,01
2090,H,PERE ANTONI,7,0,01
2090,H,PIUS,7,0,01
2090,H,QUIRZE,7,0,01
2090,H,RAMIR,7,0,01
2090,H,RAMON ANGEL,7,0,01
2090,D,RAMONA MARIA,7,0,01
2090,D,REGLA,7,0,01
2090,D,ROSA ANTONIA,7,0,01
2090,D,ROSA BLANCA,7,0,01
2090,D,ROSA DE LIMA,7,0,01
2090,D,ROSA MARGARITA,7,0,01
2090,D,ROSE MARIE,7,0,01
2090,H,ROSEND,7,0,01
2090,D,RUTH,7,0,01
2090,H,SABAS,7,0,01
2090,D,SALUDINA,7,0,01
2090,D,SALUSTIANA,7,0,01
2090,D,SANTAS,7,0,01
2090,H,SANTIAGO JOSÉ,7,0,01
2090,D,SARA MARIA/SARA MARÍA,7,0,01
2090,H,SAÜL/SAÚL,7,0,01
2090,H,SEGIMON,7,0,01
2090,D,SFIA,7,0,01
2090,H,SINFORIANO,7,0,01
2090,D,SIRA,7,0,01
2090,D,SÒNIA MARIA/SONIA MARÍA,7,0,01
2090,D,STELLA,7,0,01
2090,H,TAHAR,7,0,01
2090,H,TARSICIO,7,0,01
2090,D,TERESA JOSEFA,7,0,01
2090,D,TIMOTEA,7,0,01
2090,D,TORCUATA,7,0,01
2090,H,VICENTE RAMÓN,7,0,01
2090,D,VIDALINA,7,0,01
2090,D,VILMA,7,0,01
2090,D,VIORICA,7,0,01
2090,H,ZENON,7,0,01
2090,D,ZOILA ROSA,7,0,01
2090,D,ZOYA,7,0,01
2294,H,ABDESSLAM,6,0,00
2294,D,ADA,6,0,00
2294,D,ADOLFA,6,0,00
2294,H,AFRODISIO,6,0,00
2294,H,ALADINO,6,0,00
2294,H,ALAN,6,0,00
2294,H,ALFONSO CARLOS,6,0,00
2294,D,ALICE,6,0,00
2294,D,ALICIA DEL CARMEN,6,0,00
2294,D,ALIDA,6,0,00
2294,D,ALODIA,6,0,00
2294,H,ANATOLY,6,0,00
2294,H,ÀNGEL CARLOS/ÁNGEL CARLOS,6,0,00
2294,H,ÁNGEL PEDRO,6,0,00
2294,D,ANGELIKA,6,0,00
2294,H,ÀNGELO/ÁNGELO,6,0,00
2294,H,ANIANO,6,0,00
2294,H,ANTIDIO,6,0,00
2294,D,ANTONIA CARMEN,6,0,00
2294,H,ANTONIO DE PADUA,6,0,00
2294,D,ARLETTE,6,0,00
2294,H,ASCENSION,6,0,00
2294,D,ASELA,6,0,00
2294,D,AURICA,6,0,00
2294,D,BERTHA,6,0,00
2294,D,BLANCA ESTHER,6,0,00
2294,D,BLANCA NEUS,6,0,00
2294,H,BORIS,6,0,00
2294,H,BOUGHALEB,6,0,00
2294,D,CARLA,6,0,00
2294,H,CARLES ENRIC,6,0,00
2294,H,CARLES MARIA,6,0,00
2294,H,CARLOS HUMBERTO,6,0,00
2294,H,CARLOS JUAN,6,0,00
2294,H,CARLOS VICENTE,6,0,00
2294,D,CARMELITA,6,0,00
2294,D,CARMEN CINTA,6,0,00
2294,D,CAROL ANN,6,0,00
2294,D,CASIANA,6,0,00
2294,H,CÈSAR AUGUSTO/CÉSAR AUGUSTO,6,0,00
2294,H,CHAIB,6,0,00
2294,D,CHANTAL,6,0,00
2294,D,CIRA,6,0,00
2294,D,CIRIACA,6,0,00
2294,D,CORINA,6,0,00
2294,D,CORONA,6,0,00
2294,D,DAGMAR,6,0,00
2294,H,DELFI,6,0,00
2294,H,DELMIRO,6,0,00
2294,H,DEMETRI,6,0,00
2294,D,DENISE,6,0,00
2294,H,DIEGO JOSÉ,6,0,00
2294,D,DOLORES CARMEN,6,0,00
2294,D,DOLORES DEL CARMEN,6,0,00
2294,H,DOMINGO JOSÉ,6,0,00
2294,D,DOMINIQUE,6,0,00
2294,H,DOMINIQUE,6,0,00
2294,D,DULCINEA,6,0,00
2294,D,EDELIA,6,0,00
2294,H,EDUARDO LUIS,6,0,00
2294,H,EFRÈN/EFRÉN,6,0,00
2294,H,EL AYACHI,6,0,00
2294,D,ELEONORA,6,0,00
2294,H,ELIEZER,6,0,00
2294,H,ELISARDO,6,0,00
2294,D,ELLEN,6,0,00
2294,D,ELMA,6,0,00
2294,D,ELVIA,6,0,00
2294,D,EMILIA MARÍA,6,0,00
2294,H,EMILIO LUIS,6,0,00
2294,H,ERNST,6,0,00
2294,D,ESPIRITU SANTO,6,0,00
2294,D,ESTELITA,6,0,00
2294,D,EVELYNE,6,0,00
2294,H,EVENCIO,6,0,00
2294,H,FABRICIANO,6,0,00
2294,D,FADILA,6,0,00
2294,D,FATTOUMA,6,0,00
2294,H,FÈLIX ANTONIO/FÉLIX ANTONIO,6,0,00
2294,D,FETTOUM,6,0,00
2294,D,FIDELINA,6,0,00
2294,H,FLOREAL,6,0,00
2294,H,FLORENTI,6,0,00
2294,D,FRANCISCA PILAR,6,0,00
2294,D,FRANCISCA TERESA,6,0,00
2294,H,FRANCISCO GABRIEL,6,0,00
2294,H,FRANCISCO PEDRO,6,0,00
2294,H,FRANCISCO XABIER,6,0,00
2294,H,FRANÇOIS,6,0,00
2294,D,GAUDENCIA,6,0,00
2294,D,GERARDA,6,0,00
2294,D,GERDA,6,0,00
2294,H,GERHARD,6,0,00
2294,H,GIACOMO,6,0,00
2294,H,GILBERT,6,0,00
2294,D,GISELE,6,0,00
2294,D,GLORIA CARMEN,6,0,00
2294,D,GUDELIA,6,0,00
2294,H,GUNTER,6,0,00
2294,H,HANS JOACHIM,6,0,00
2294,H,HANS JURGEN,6,0,00
2294,D,HEIDE,6,0,00
2294,H,HERBERT,6,0,00
2294,H,HIGINI,6,0,00
2294,D,HONORIA,6,0,00
2294,D,HOURIA,6,0,00
2294,H,HUMBERT,6,0,00
2294,D,IMMA,6,0,00
2294,D,IRAIDA,6,0,00
2294,D,ISABEL DOLORES,6,0,00
2294,H,ISRAEL,6,0,00
2294,H,JACQUES,6,0,00
2294,H,JAIME ANTONIO,6,0,00
2294,H,JAVIER MARIA/JAVIER MARÍA,6,0,00
2294,D,JEAN,6,0,00
2294,H,JEAN MARIE,6,0,00
2294,D,JEANNINE,6,0,00
2294,H,JESÚS SALVADOR,6,0,00
2294,H,JOAQUÍN ANTONIO,6,0,00
2294,D,JOHANNA,6,0,00
2294,H,JORDI JOAN,6,0,00
2294,H,JORGE MANUEL,6,0,00
2294,D,JOSEFA FRANCISCA,6,0,00
2294,D,JOSEFA MERCEDES,6,0,00
2294,D,JOSEFA TERESA,6,0,00
2294,H,JOSEP XAVIER,6,0,00
2294,D,JOSEPA MARIA,6,0,00
2294,H,JUAN CLAUDIO,6,0,00
2294,H,JUAN CRUZ,6,0,00
2294,H,JUAN DANIEL,6,0,00
2294,H,JUAN JOSEP,6,0,00
2294,D,JUANA EMILIA,6,0,00
2294,D,JUANA ISABEL,6,0,00
2294,D,JUANA MANUELA,6,0,00
2294,D,KATHARINA,6,0,00
2294,D,LAURA MARIA/LAURA MARÍA,6,0,00
2294,D,LEONTINA,6,0,00
2294,D,LIDIIA,6,0,00
2294,D,LIDIYA,6,0,00
2294,D,LÍLIA/LILIA,6,0,00
2294,D,LINAREJOS,6,0,00
2294,D,LLANOS,6,0,00
2294,D,LONGINA,6,0,00
2294,H,LORETO,6,0,00
2294,D,LOUISE,6,0,00
2294,D,LOURDES MARIA/LOURDES MARÍA,6,0,00
2294,H,LUIS PEDRO,6,0,00
2294,D,LUZ MERY,6,0,00
2294,D,MABEL,6,0,00
2294,D,MACARIA,6,0,00
2294,D,MAGALY,6,0,00
2294,H,MAGDALENO,6,0,00
2294,H,MAMERTO,6,0,00
2294,D,MANUELA PILAR,6,0,00
2294,D,MARGHERITA,6,0,00
2294,D,MARGOT,6,0,00
2294,D,MARIA ALCAZAR,6,0,00
2294,D,MARIA ANGELINA,6,0,00
2294,D,MARIA BALBINA,6,0,00
2294,D,MARIA CARMEN DOLORES,6,0,00
2294,D,MARIA CELESTINA,6,0,00
2294,D,MARIA CLÀUDIA/MARÍA CLAUDIA,6,0,00
2294,D,MARIA CORAL/MARÍA CORAL,6,0,00
2294,D,MARIA CREU,6,0,00
2294,D,MARIA DE LOURDES/MARÍA DE LOURDES,6,0,00
2294,D,MARIA DEL CASTILLO/MARÍA DEL CASTILLO,6,0,00
2294,D,MARIA DELFINA,6,0,00
2294,D,MARIA DOMINGA,6,0,00
2294,D,MARIA EMERITA,6,0,00
2294,D,MARIA ERNESTINA,6,0,00
2294,D,MARIA FELICIANA/MARÍA FELICIANA,6,0,00
2294,D,MARIA FUENCISLA,6,0,00
2294,D,MARIA GENOVEVA/MARÍA GENOVEVA,6,0,00
2294,D,MARIA HENAR/MARÍA HENAR,6,0,00
2294,D,MARIA HUERTAS,6,0,00
2294,D,MARIA JUSTA,6,0,00
2294,D,MARIA LUCIANA/MARÍA LUCIANA,6,0,00
2294,D,MARIA MARINA,6,0,00
2294,D,MARIA MARTINA/MARÍA MARTINA,6,0,00
2294,D,MARIA MODESTA,6,0,00
2294,D,MARIA NUBIA,6,0,00
2294,D,MARIA PALLER,6,0,00
2294,D,MARIA PROVIDENCIA,6,0,00
2294,D,MARIA ROBLEDO,6,0,00
2294,D,MARIA RUFINA,6,0,00
2294,D,MARIA SABINA,6,0,00
2294,D,MARIA TRINITAT,6,0,00
2294,D,MÀRIAM/MARIAM,6,0,00
2294,D,MARICEL,6,0,00
2294,D,MARIE ANGE,6,0,00
2294,H,MARIO JOSÉ,6,0,00
2294,D,MARITZA,6,0,00
2294,H,MATIES,6,0,00
2294,H,MHAND,6,0,00
2294,H,MIGUEL FRANCISCO,6,0,00
2294,D,MINA,6,0,00
2294,D,MIRTA SUSANA,6,0,00
2294,H,MOHAMMADI,6,0,00
2294,H,MOSTAFA,6,0,00
2294,H,NADAL,6,0,00
2294,D,NADIIA,6,0,00
2294,D,NATALIYA,6,0,00
2294,D,NAZARIA,6,0,00
2294,H,OBDULIO,6,0,00
2294,H,ODON,6,0,00
2294,H,ORESTES,6,0,00
2294,H,ÒSCAR ALBERTO/ÓSCAR ALBERTO,6,0,00
2294,H,OTILIO,6,0,00
2294,H,PASTOR,6,0,00
2294,H,PATRICK,6,0,00
2294,D,PAULETTE,6,0,00
2294,H,PEDRO ALBERTO,6,0,00
2294,H,PEDRO ENRIQUE,6,0,00
2294,H,PEDRO TOMÀS/PEDRO TOMÁS,6,0,00
2294,D,PETRA MARIA,6,0,00
2294,D,PETRONA,6,0,00
2294,H,PIETRO,6,0,00
2294,D,PILAR JOSEFA,6,0,00
2294,D,PLACIDIA,6,0,00
2294,H,PONÇ,6,0,00
2294,H,PONCIANO,6,0,00
2294,H,PRAXEDES,6,0,00
2294,H,PRUDENCI,6,0,00
2294,H,RAIMOND,6,0,00
2294,H,RAMON LUIS,6,0,00
2294,H,REMIGI,6,0,00
2294,D,REMIGIA,6,0,00
2294,D,RENEE,6,0,00
2294,H,ROLAND,6,0,00
2294,H,RONALD,6,0,00
2294,D,ROSA ÀNGELA/ROSA ÁNGELA,6,0,00
2294,D,ROSA JULIA,6,0,00
2294,D,ROSANNA,6,0,00
2294,D,ROSE,6,0,00
2294,D,SACRAMENTOS,6,0,00
2294,D,SALADINA,6,0,00
2294,H,SANCHO,6,0,00
2294,D,SANTOS,6,0,00
2294,D,SERVANDA,6,0,00
2294,H,SILVERI,6,0,00
2294,H,SIMO/SIMÓ,6,0,00
2294,H,TEODOR,6,0,00
2294,D,TERESA ROSA,6,0,00
2294,D,TETIANA,6,0,00
2294,H,THOMAS,6,0,00
2294,D,TLAITMAS,6,0,00
2294,D,TREMEDAL,6,0,00
2294,H,TRINITARIO,6,0,00
2294,D,ULRIKE,6,0,00
2294,H,UMBERTO,6,0,00
2294,H,VALERII,6,0,00
2294,D,VICENTA MARIA,6,0,00
2294,H,VICENTE JESUS,6,0,00
2294,H,VÍCTOR ANTONIO,6,0,00
2294,H,VÍCTOR LUIS,6,0,00
2294,D,VICTÒRIA MARIA/VICTORIA MARÍA,6,0,00
2294,D,VIRGÍLIA,6,0,00
2294,D,VIVIANE,6,0,00
2294,H,WIFREDO,6,0,00
2294,D,YSABEL,6,0,00
2554,H,ABDERRAHMANE,5,0,00
2554,D,ADAMINA,5,0,00
2554,H,ADELAIDO,5,0,00
2554,H,ADELARDO,5,0,00
2554,H,ADJUTORI,5,0,00
2554,H,ADOLFO JOSE,5,0,00
2554,D,ÀGATA/ÁGATA,5,0,00
2554,H,AGRIPINO,5,0,00
2554,H,AGUSTIN JOSE,5,0,00
2554,H,ALEKSANDER,5,0,00
2554,H,ALEXANDRU,5,0,00
2554,H,ALFONSO JOSÉ,5,0,00
2554,H,ALFONSO LUIS,5,0,00
2554,D,ALICIA BEATRIZ,5,0,00
2554,H,ALIPIO,5,0,00
2554,D,ALLA,5,0,00
2554,D,ALMERINDA,5,0,00
2554,D,AMELIA ROSA,5,0,00
2554,D,ANA DE JESUS,5,0,00
2554,D,ANA ELENA,5,0,00
2554,D,ANA GLORIA,5,0,00
2554,D,ANA JESUS,5,0,00
2554,D,ANA MARGARITA,5,0,00
2554,H,ANATOLIY,5,0,00
2554,H,ANDRÉS JOSÉ,5,0,00
2554,H,ÁNGEL ALBERTO,5,0,00
2554,D,ANNELIESE,5,0,00
2554,D,ANNICK,5,0,00
2554,H,ANTERO,5,0,00
2554,H,ANTONI JOSEP,5,0,00
2554,D,ANTONIA DOLORES,5,0,00
2554,D,ANTONIA JUANA,5,0,00
2554,D,ANTONIETTA,5,0,00
2554,H,ANTONIO BENITO,5,0,00
2554,H,ANTONIO DOMINGO,5,0,00
2554,H,ANTONIO EDUARDO,5,0,00
2554,H,ANTONIO JAVIER,5,0,00
2554,H,ANTONIO JORGE,5,0,00
2554,H,ANTONIO TOMÁS,5,0,00
2554,D,ARACELIS,5,0,00
2554,D,ARMINDA,5,0,00
2554,H,ARNAU,5,0,00
2554,D,AURELIANA,5,0,00
2554,D,AURORA MARIA,5,0,00
2554,H,AUSENCIO,5,0,00
2554,D,AUXILIADORA,5,0,00
2554,H,BACHIR,5,0,00
2554,D,BARTOLINA,5,0,00
2554,D,BENVINGUDA,5,0,00
2554,D,BIRGIT,5,0,00
2554,D,BLANCA INES,5,0,00
2554,D,BLANDINA,5,0,00
2554,D,BONAVENTURA,5,0,00
2554,H,BOUJEMAA,5,0,00
2554,D,CALIXTA,5,0,00
2554,H,CANDI,5,0,00
2554,D,CANDIDA ROSA,5,0,00
2554,H,CARLOS ALFREDO,5,0,00
2554,H,CARLOS ÀNGEL/CARLOS ÁNGEL,5,0,00
2554,H,CARLOS CESAR,5,0,00
2554,H,CARLOS HUGO,5,0,00
2554,H,CARLOS JULIO,5,0,00
2554,H,CARLOS ROBERTO,5,0,00
2554,D,CARMEN ALICIA,5,0,00
2554,D,CARMEN ANTONIA,5,0,00
2554,D,CAROLA,5,0,00
2554,H,CASILDO,5,0,00
2554,H,CECILI,5,0,00
2554,D,CHAMA,5,0,00
2554,D,CHRISTINE ANN,5,0,00
2554,D,CLARA MARIA/CLARA MARÍA,5,0,00
2554,H,CONSTANTE,5,0,00
2554,H,CORNELIS,5,0,00
2554,D,COVADONGA,5,0,00
2554,D,CRISPULA,5,0,00
2554,H,CRISPULO,5,0,00
2554,D,DEYANIRA,5,0,00
2554,D,DOLORES FRANCISCA,5,0,00
2554,D,DONVINA,5,0,00
2554,D,DRIFA,5,0,00
2554,D,EDELTRAUD,5,0,00
2554,H,EDESIO,5,0,00
2554,H,EDILBERTO,5,0,00
2554,D,EDILMA,5,0,00
2554,D,EDUVIGES,5,0,00
2554,D,ELENA ISABEL,5,0,00
2554,H,ELIECER,5,0,00
2554,D,ELINA,5,0,00
2554,D,ELISA ISABEL,5,0,00
2554,D,ELMIRA,5,0,00
2554,D,ELSBETH,5,0,00
2554,H,EMILIO FRANCISCO,5,0,00
2554,H,ENRIQUE ALBERTO,5,0,00
2554,H,ENRIQUE LUIS,5,0,00
2554,H,ENRIQUE MANUEL,5,0,00
2554,D,EUTIQUIA,5,0,00
2554,H,FABIO,5,0,00
2554,D,FELICITATS,5,0,00
2554,D,FELISA MARIA,5,0,00
2554,H,FÈLIX MANUEL/FÉLIX MANUEL,5,0,00
2554,H,FERNANDO MANUEL,5,0,00
2554,D,FIDELIA,5,0,00
2554,H,FILEMON,5,0,00
2554,D,FLERIDA,5,0,00
2554,D,FRANCES,5,0,00
2554,H,FRANCESC PAULA,5,0,00
2554,D,FRANCISCA CARMEN,5,0,00
2554,H,FRANCISCO ANDRÉS,5,0,00
2554,H,FRANCISCO ÀNGEL/FRANCISCO ÁNGEL,5,0,00
2554,H,FRANCISCO FERNANDO,5,0,00
2554,H,FULGENCI,5,0,00
2554,H,GABRIEL ÀNGEL/GABRIEL ÁNGEL,5,0,00
2554,D,GALA,5,0,00
2554,D,GANNA,5,0,00
2554,H,GEOFFREY,5,0,00
2554,H,GEORGY,5,0,00
2554,D,GERLINDE,5,0,00
2554,D,GERMAINE,5,0,00
2554,D,GERTRUD,5,0,00
2554,D,GLORIA DEL CARMEN,5,0,00
2554,D,GLORIA ESPERANZA,5,0,00
2554,D,GLORIA INES,5,0,00
2554,D,GRACIANA,5,0,00
2554,H,GREGORIO MANUEL,5,0,00
2554,D,GUDRUN,5,0,00
2554,H,GUIDO,5,0,00
2554,H,GUSTAU,5,0,00
2554,H,HÉCTOR EDUARDO,5,0,00
2554,H,HECTOR HUGO,5,0,00
2554,D,HEIDEMARIE,5,0,00
2554,H,HEINZ,5,0,00
2554,H,HELMUT,5,0,00
2554,D,HENAR,5,0,00
2554,D,HONORATA,5,0,00
2554,H,HOSSAIN,5,0,00
2554,D,HUERTAS,5,0,00
2554,D,IGNASIA,5,0,00
2554,H,IGOR,5,0,00
2554,D,ILEANA,5,0,00
2554,D,INVENCION,5,0,00
2554,D,IOANA,5,0,00
2554,H,IONEL,5,0,00
2554,D,ISABEL PILAR,5,0,00
2554,H,ISIDRO ANTONIO,5,0,00
2554,D,IVANKA,5,0,00
2554,D,JACQUELINE MARIE,5,0,00
2554,H,JAIME JUAN,5,0,00
2554,H,JAIRO,5,0,00
2554,H,JEAN LOUIS,5,0,00
2554,D,JEANINE,5,0,00
2554,H,JESUS CARLOS,5,0,00
2554,H,JESÚS ENRIQUE,5,0,00
2554,H,JESUS IGNACIO,5,0,00
2554,H,JESÚS JAVIER,5,0,00
2554,H,JESÚS RAMON/JESÚS RAMÓN,5,0,00
2554,H,JOAN ANDREU,5,0,00
2554,H,JOAQUÍN FRANCISCO,5,0,00
2554,H,JOHANNES,5,0,00
2554,H,JOHN MICHAEL,5,0,00
2554,H,JORGE MIGUEL,5,0,00
2554,H,JOSÉ AUGUSTO,5,0,00
2554,H,JOSE ISIDRO,5,0,00
2554,H,JOSÉ LEONARDO,5,0,00
2554,H,JOSE LORENZO,5,0,00
2554,H,JOSÉ MARCOS,5,0,00
2554,H,JOSÉ NICOLÁS,5,0,00
2554,H,JOSÉ ÒSCAR/JOSÉ ÓSCAR,5,0,00
2554,H,JOSÉ ROBERTO,5,0,00
2554,H,JOSE VENTURA,5,0,00
2554,D,JOSEFA LUCIA,5,0,00
2554,H,JOSEP ALBERT,5,0,00
2554,H,JOSEP ANDREU,5,0,00
2554,D,JOSIANE,5,0,00
2554,H,JUAN ALFREDO,5,0,00
2554,H,JUAN ALONSO,5,0,00
2554,H,JUAN EDUARDO,5,0,00
2554,H,JUAN JACINTO,5,0,00
2554,H,JUAN MARCOS,5,0,00
2554,H,JUAN MARIO,5,0,00
2554,H,JUAN SANTIAGO,5,0,00
2554,H,JUAN SEBASTIÁN,5,0,00
2554,D,JUANA RAMONA,5,0,00
2554,H,JULIAN ANTONIO,5,0,00
2554,H,JULIO JESUS,5,0,00
2554,H,JULIO JOSÉ,5,0,00
2554,D,JUSTINIANA,5,0,00
2554,H,JUVENTINO,5,0,00
2554,H,KADDOUR,5,0,00
2554,H,KLAUS,5,0,00
2554,H,KLAUS DIETER,5,0,00
2554,H,LAHBIB,5,0,00
2554,D,LEA,5,0,00
2554,D,LEONIDA,5,0,00
2554,D,LEONIDAS,5,0,00
2554,H,LEÒNIDES,5,0,00
2554,D,LIBERATA,5,0,00
2554,D,LILIANA BEATRIZ,5,0,00
2554,H,LLIBERT,5,0,00
2554,H,LLUCIA,5,0,00
2554,H,LORENZO JOSÉ,5,0,00
2554,D,LUCINA,5,0,00
2554,H,LUIS JORGE,5,0,00
2554,D,LUISA MARGARITA,5,0,00
2554,H,MACIÀ,5,0,00
2554,D,MAGALÍ,5,0,00
2554,D,MAGDALENA MARIA,5,0,00
2554,D,MAGHNIA,5,0,00
2554,H,MANUEL DAVID,5,0,00
2554,H,MANUEL JUAN,5,0,00
2554,H,MANUEL LORENZO,5,0,00
2554,D,MARCIALA,5,0,00
2554,D,MARGUERITE,5,0,00
2554,D,MARIA AIDA,5,0,00
2554,D,MARIA APARECIDA,5,0,00
2554,D,MARIA CAPILLA,5,0,00
2554,D,MARIA CARLOTA/MARÍA CARLOTA,5,0,00
2554,D,MARIA CASTILLO,5,0,00
2554,D,MARIA CLEMENCIA,5,0,00
2554,D,MARIA CLOTILDE,5,0,00
2554,D,MARIA DA CONCEIÇAO,5,0,00
2554,D,MARIA DE FÀTIMA/MARÍA DE FÁTIMA,5,0,00
2554,D,MARIA DE LA SERRA,5,0,00
2554,D,MARIA DE LAS CANDELA,5,0,00
2554,D,MARÍA DE LOS REYES,5,0,00
2554,D,MARIA DE NURIA,5,0,00
2554,D,MARIA DEL CAMÍ,5,0,00
2554,D,MARIA DEL COLLELL,5,0,00
2554,D,MARIA DEL PINO/MARÍA DEL PINO,5,0,00
2554,D,MARIA DIGNA,5,0,00
2554,D,MARIA DOSINDA,5,0,00
2554,D,MARIA ELISABET/MARÍA ELISABET,5,0,00
2554,D,MARIA ELVA,5,0,00
2554,D,MARIA EMPAR,5,0,00
2554,D,MARIA EVANGELINA,5,0,00
2554,D,MARIA FAUSTINA,5,0,00
2554,D,MARIA HAYDEE,5,0,00
2554,D,MARIA ILUMINADA,5,0,00
2554,D,MARIA LIGIA,5,0,00
2554,D,MARIA LUZ DIVINA,5,0,00
2554,D,MARIA NATÀLIA/MARÍA NATALIA,5,0,00
2554,D,MARIA NELLY,5,0,00
2554,D,MARIA OLÍVIA/MARIA OLIVIA,5,0,00
2554,D,MARIA SALUT,5,0,00
2554,D,MARIA SEGUNDA,5,0,00
2554,D,MARIA SERAFINA,5,0,00
2554,D,MARIA SOLETAT,5,0,00
2554,D,MARIA TURA,5,0,00
2554,D,MARIAN,5,0,00
2554,D,MARIANNA,5,0,00
2554,H,MARIANO ANDRÉS,5,0,00
2554,D,MARIE CLAUDE,5,0,00
2554,D,MARIE JEANNE,5,0,00
2554,D,MARIE LOUISE,5,0,00
2554,D,MARINA ISABEL,5,0,00
2554,H,MARIO ALBERTO,5,0,00
2554,D,MARTA EUGENIA,5,0,00
2554,H,MARTIN ANTONIO,5,0,00
2554,H,MARTÍN JOSÉ,5,0,00
2554,H,MARZOUK,5,0,00
2554,H,MAXIMILIÁN,5,0,00
2554,H,MEHDI,5,0,00
2554,D,MELIDA,5,0,00
2554,D,MÉRIDA,5,0,00
2554,D,MERIEM,5,0,00
2554,D,MERITA,5,0,00
2554,D,MICHELINE,5,0,00
2554,H,MIGUEL JESUS,5,0,00
2554,D,MIRELLA,5,0,00
2554,D,MIRTA BEATRIZ,5,0,00
2554,D,MIRTHA,5,0,00
2554,H,MUSTAFA/MUSTAFÀ/MUSTAFÁ,5,0,00
2554,D,NADEZHDA,5,0,00
2554,D,NÀDIA/NADIA,5,0,00
2554,D,NATALIIA,5,0,00
2554,H,NEMESI,5,0,00
2554,H,NICETO,5,0,00
2554,D,NICULINA,5,0,00
2554,H,NIKOLAY,5,0,00
2554,D,NINFA,5,0,00
2554,D,NORBERTA,5,0,00
2554,D,NOUNOUT,5,0,00
2554,D,OLGA BEATRIZ,5,0,00
2554,H,ORESTE,5,0,00
2554,H,PACIANO,5,0,00
2554,D,PASCASIA,5,0,00
2554,H,PATRICE,5,0,00
2554,H,PAULÍ,5,0,00
2554,H,PEDRO IGNACIO,5,0,00
2554,H,PEDRO JOAQUIN,5,0,00
2554,H,PEDRO VICENTE,5,0,00
2554,D,PEPITA MARIA,5,0,00
2554,H,PERE ANTON/PERE ANTÓN,5,0,00
2554,H,PERE JOSEP,5,0,00
2554,H,PERE MIQUEL,5,0,00
2554,D,PIA/PÍA,5,0,00
2554,H,PIERO,5,0,00
2554,D,PILAR ANA,5,0,00
2554,D,PILAR MONTSERRAT,5,0,00
2554,D,PILAR ROSA,5,0,00
2554,D,PLACERES,5,0,00
2554,H,PLÀCID,5,0,00
2554,D,PRECIOSA,5,0,00
2554,D,PREDESTINACION,5,0,00
2554,D,PRESENTACIO,5,0,00
2554,H,PRIMO,5,0,00
2554,H,PROSPERO,5,0,00
2554,D,PUREZA,5,0,00
2554,D,RABIA,5,0,00
2554,H,RAFAEL LUIS,5,0,00
2554,H,RAFAEL MANUEL,5,0,00
2554,H,RAMON JOAQUIN,5,0,00
2554,H,RAMON JUAN,5,0,00
2554,H,RAÜL EDUARDO/RAÚL EDUARDO,5,0,00
2554,H,RECAREDO,5,0,00
2554,D,REDENCION,5,0,00
2554,D,REGINE,5,0,00
2554,D,RENATA,5,0,00
2554,H,REYNALDO,5,0,00
2554,D,RITA MARIA/RITA MARÍA,5,0,00
2554,H,ROBERT CHARLES,5,0,00
2554,H,RÓMULO,5,0,00
2554,D,ROSA ANGELICA,5,0,00
2554,D,ROSA DOLORES,5,0,00
2554,D,ROSA FRANCISCA,5,0,00
2554,D,ROSA JOSEFA,5,0,00
2554,D,ROSA LUZ,5,0,00
2554,D,ROSA VICTORIA,5,0,00
2554,D,RUDESINDA,5,0,00
2554,H,SACRAMENTO,5,0,00
2554,D,SALETA,5,0,00
2554,H,SALVADOR JOSE,5,0,00
2554,H,SANTIAGO MANUEL,5,0,00
2554,D,SEGUNDINA,5,0,00
2554,H,SIEGFRIED,5,0,00
2554,D,SIGRID,5,0,00
2554,D,SILVIA INES,5,0,00
2554,H,SIRO,5,0,00
2554,D,SOL,5,0,00
2554,H,STANISLAV,5,0,00
2554,D,SURJIT,5,0,00
2554,D,SUSAN ELIZABETH,5,0,00
2554,D,TADEA,5,0,00
2554,H,TADEO,5,0,00
2554,H,TEODULO,5,0,00
2554,D,TEONILA,5,0,00
2554,D,TERESA BEATRIZ,5,0,00
2554,D,TERESA FRANCISCA,5,0,00
2554,H,TOMÀS ANTONIO/TOMÁS ANTONIO,5,0,00
2554,D,TORIBIA,5,0,00
2554,D,URSULA MARIA,5,0,00
2554,D,UTE,5,0,00
2554,D,VALERIE,5,0,00
2554,H,VALERIY,5,0,00
2554,D,VALIANTSINA,5,0,00
2554,D,VENERANDA,5,0,00
2554,H,VENERANDO,5,0,00
2554,H,VIACHESLAV,5,0,00
2554,D,VINYET,5,0,00
2554,D,VIRTUTS,5,0,00
2554,H,WALDO,5,0,00
2554,H,WILFREDO,5,0,00
2554,H,WOLFGANG,5,0,00
2554,D,XIOMARA,5,0,00
2554,H,YOUSSEF,5,0,00
2554,D,ZAIDA,5,0,00
2554,D,ZOUBIDA,5,0,00
2554,D,ZULEMA,5,0,00
2925,H,ABDELHAFID,4,0,00
2925,H,ABDELKRIM,4,0,00
2925,D,ABELINA,4,0,00
2925,H,ACACIO,4,0,00
2925,H,ADEL,4,0,00
2925,D,ADELA ISABEL,4,0,00
2925,H,AGAPIT,4,0,00
2925,D,AGNÈS MARIA,4,0,00
2925,H,ALBERTO MARIA/ALBERTO MARÍA,4,0,00
2925,D,ALEJA,4,0,00
2925,H,ALEJANDRO JOSÉ,4,0,00
2925,H,ALFONSO MANUEL,4,0,00
2925,D,ALIA,4,0,00
2925,D,ALÍCIA PILAR/ALICIA PILAR,4,0,00
2925,H,ALICIO,4,0,00
2925,D,ALVARA,4,0,00
2925,D,ALVARINA,4,0,00
2925,H,AMBRÒS,4,0,00
2925,D,ANA BEATRIZ,4,0,00
2925,D,ANA ESTER,4,0,00
2925,D,ANA JUANA,4,0,00
2925,D,ANA LEONOR,4,0,00
2925,D,ANA RITA,4,0,00
2925,D,ANA SILVIA,4,0,00
2925,H,ANDREAS,4,0,00
2925,H,ANDRES LUIS,4,0,00
2925,H,ÀNGEL GABRIEL/ÁNGEL GABRIEL,4,0,00
2925,H,ÁNGEL JUAN,4,0,00
2925,H,ÀNGEL SALVADOR/ÁNGEL SALVADOR,4,0,00
2925,H,ASENSI,4,0,00
2925,D,AUGUSTA,4,0,00
2925,H,BAGHDAD,4,0,00
2925,H,BAPTISTA,4,0,00
2925,D,BASILIDES,4,0,00
2925,D,BERNARDETA,4,0,00
2925,D,BLANCA AURORA,4,0,00
2925,D,BLANCA LUZ,4,0,00
2925,H,BOUCHAIB,4,0,00
2925,H,BOUZIANE,4,0,00
2925,D,BRIGITTA,4,0,00
2925,D,CARLINA,4,0,00
2925,H,CARLOS ALFONSO,4,0,00
2925,H,CARLOS EDUARDO,4,0,00
2925,H,CARLOS JAIME,4,0,00
2925,H,CARLOS JESÚS,4,0,00
2925,D,CARME MARIA,4,0,00
2925,D,CARMELINA,4,0,00
2925,D,CARMEN BEATRIZ,4,0,00
2925,D,CARMEN CECILIA,4,0,00
2925,D,CARMEN ESTHER,4,0,00
2925,D,CARMEN GLÒRIA/CARMEN GLORIA,4,0,00
2925,D,CARMEN JESUS,4,0,00
2925,D,CARMEN JOSEFINA,4,0,00
2925,D,CARMEN JULIA,4,0,00
2925,D,CARMEN MANUELA,4,0,00
2925,D,CARMEN MONTSERRAT,4,0,00
2925,H,CEBRIA,4,0,00
2925,D,CELESTE,4,0,00
2925,D,CLARA INÉS,4,0,00
2925,D,CLARA ISABEL,4,0,00
2925,D,CLARITA,4,0,00
2925,D,CLAUDE,4,0,00
2925,H,CLETO,4,0,00
2925,H,CLODOALDO,4,0,00
2925,D,CONCETTA,4,0,00
2925,D,CONVERSION,4,0,00
2925,H,CRESENCIO,4,0,00
2925,H,CRISANTOS,4,0,00
2925,D,CRISTINA MARIA/CRISTINA MARÍA,4,0,00
2925,D,CRUZ MARÍA,4,0,00
2925,D,DAISY,4,0,00
2925,H,DALMAU,4,0,00
2925,H,DANIEL ANTONIO,4,0,00
2925,D,DÈLIA MARIA/DELIA MARÍA,4,0,00
2925,H,DELIO,4,0,00
2925,D,DIAMANTINA,4,0,00
2925,H,DIAMANTINO,4,0,00
2925,H,DIEGO RAMON,4,0,00
2925,H,DIETER,4,0,00
2925,D,DOLORS MARIA,4,0,00
2925,H,DOMINGO ANTONIO,4,0,00
2925,D,DONELIA,4,0,00
2925,D,DOROTHEA,4,0,00
2925,D,DULCENOMBR,4,0,00
2925,D,ECATERINA,4,0,00
2925,D,EDERLINDA,4,0,00
2925,H,EDMOND,4,0,00
2925,H,EDUARDO FRANCISCO,4,0,00
2925,H,EFIGENIO,4,0,00
2925,D,EL GHALIA,4,0,00
2925,H,EL HOUSSINE,4,0,00
2925,H,ELADI,4,0,00
2925,D,ELENA JOSEFA,4,0,00
2925,D,ELEONOR,4,0,00
2925,D,ELFRIEDE,4,0,00
2925,D,ELIANA,4,0,00
2925,D,ELIZABET,4,0,00
2925,D,ELSA BEATRIZ,4,0,00
2925,D,ELSA CRISTINA,4,0,00
2925,D,ELVIRA MARIA/ELVIRA MARÍA,4,0,00
2925,D,EMELIA,4,0,00
2925,H,EMIGDIO,4,0,00
2925,H,EMILIO MANUEL,4,0,00
2925,H,EMMANUEL,4,0,00
2925,H,ENRICO,4,0,00
2925,H,ENRIQUE ANTONIO,4,0,00
2925,H,ENRIQUE JUAN,4,0,00
2925,H,ERICH,4,0,00
2925,D,ESTEBANA,4,0,00
2925,D,ESTILITA,4,0,00
2925,D,EUFROSINA,4,0,00
2925,H,EULOGI,4,0,00
2925,D,EUNICE,4,0,00
2925,D,EUSTASIA,4,0,00
2925,H,EUTIQUIANO,4,0,00
2925,D,FATTOUCH,4,0,00
2925,H,FAUSTI,4,0,00
2925,D,FEDERICA,4,0,00
2925,D,FELICITACION,4,0,00
2925,D,FELISA CARMEN,4,0,00
2925,H,FELIX FRANCISCO,4,0,00
2925,H,FERNANDO CARLOS,4,0,00
2925,H,FERNANDO ENRIQUE,4,0,00
2925,H,FERNANDO JAVIER,4,0,00
2925,H,FERNANDO JESÚS,4,0,00
2925,H,FERNANDO JUAN,4,0,00
2925,H,FERNANDO MARIA,4,0,00
2925,D,FILIBERTA,4,0,00
2925,H,FILIPPO,4,0,00
2925,D,FILO,4,0,00
2925,D,FLOAREA,4,0,00
2925,D,FLORIANA,4,0,00
2925,D,FRANCINE,4,0,00
2925,D,FRANCISCA DE ASÍS,4,0,00
2925,D,FRANCISCA EUGENIA,4,0,00
2925,D,FRANCISCA ISABEL,4,0,00
2925,D,FRANCISCA ROSA,4,0,00
2925,H,FRANCISCO JAIME,4,0,00
2925,H,FRANCISCO SANTIAGO,4,0,00
2925,H,FRANCISCO SOLANO,4,0,00
2925,H,FRANCISCO VICENTE,4,0,00
2925,D,FREDESVINDA,4,0,00
2925,D,GABRIELLA,4,0,00
2925,D,GEORGETTE,4,0,00
2925,H,GERD,4,0,00
2925,D,GERDA MARIA,4,0,00
2925,H,GHULAM,4,0,00
2925,D,GILLIAN,4,0,00
2925,H,GIULIANO,4,0,00
2925,D,GLADYS ESTHER,4,0,00
2925,D,GLÒRIA ESTHER/GLORIA ESTHER,4,0,00
2925,H,GONÇAL,4,0,00
2925,D,GONZALA,4,0,00
2925,D,GRACIELA MARIA,4,0,00
2925,D,GRAZIELLA,4,0,00
2925,H,GUILLERMO FRANCISCO,4,0,00
2925,H,GUILLERMO JORGE,4,0,00
2925,H,GUILLERMO JOSÉ,4,0,00
2925,D,GURMIT,4,0,00
2925,H,GUY,4,0,00
2925,H,HAMED,4,0,00
2925,H,HÈCTOR MANUEL/HÉCTOR MANUEL,4,0,00
2925,D,HELEN,4,0,00
2925,H,HELIOS,4,0,00
2925,H,HENRI,4,0,00
2925,H,HENRY,4,0,00
2925,H,HERIBERT,4,0,00
2925,D,HERMESINDA,4,0,00
2925,D,HERMOSINDA,4,0,00
2925,D,HILDA MARÍA,4,0,00
2925,D,HILDA ROSA,4,0,00
2925,H,HIPÒLIT,4,0,00
2925,H,HONORINO,4,0,00
2925,H,HORST,4,0,00
2925,H,IGNACIO JAVIER,4,0,00
2925,D,INGE,4,0,00
2925,D,INMACULADA CONCEPCIÓ,4,0,00
2925,H,IRENEO,4,0,00
2925,D,ISABEL CRISTINA,4,0,00
2925,D,ISABEL EUGÈNIA/ISABEL EUGENIA,4,0,00
2925,D,ISABEL MERCEDES,4,0,00
2925,H,JAMES,4,0,00
2925,D,JANE,4,0,00
2925,D,JANINE,4,0,00
2925,H,JAUME JOAN,4,0,00
2925,H,JEAN LUC,4,0,00
2925,H,JEAN MICHEL,4,0,00
2925,D,JEANNE MARIE,4,0,00
2925,D,JENNIFER ANN,4,0,00
2925,H,JESUALDO,4,0,00
2925,H,JESÚS ALBERTO,4,0,00
2925,H,JESUS FERNANDO,4,0,00
2925,H,JESÚS FRANCISCO,4,0,00
2925,H,JOAN JESÚS,4,0,00
2925,H,JOAN JORDI,4,0,00
2925,H,JOAN PAU,4,0,00
2925,H,JOAN XAVIER,4,0,00
2925,H,JOAO,4,0,00
2925,H,JOAQUIN LUIS,4,0,00
2925,H,JOAQUÍN MANUEL,4,0,00
2925,H,JOAQUIN RAMON,4,0,00
2925,D,JOELLE,4,0,00
2925,H,JONÀS/JONÁS,4,0,00
2925,H,JORGE FERNANDO,4,0,00
2925,H,JORGE RAMON,4,0,00
2925,H,JOSÉ ALFREDO,4,0,00
2925,H,JOSÉ ARMANDO,4,0,00
2925,H,JOSÉ BERNARDO,4,0,00
2925,H,JOSÉ BLAS,4,0,00
2925,H,JOSE CARMELO,4,0,00
2925,H,JOSÉ DIEGO,4,0,00
2925,H,JOSE ELOY,4,0,00
2925,H,JOSE ERNESTO,4,0,00
2925,H,JOSE FEDERICO,4,0,00
2925,H,JOSÉ MATÍAS,4,0,00
2925,H,JOSÉ PASCUAL,4,0,00
2925,H,JOSE RAMIRO,4,0,00
2925,H,JOSE ROGELIO,4,0,00
2925,H,JOSE RUFINO,4,0,00
2925,H,JOSÉ VALENTÍN,4,0,00
2925,D,JOSEFA ANA,4,0,00
2925,D,JOSEFA ENCARNA,4,0,00
2925,D,JOSEFA INES,4,0,00
2925,D,JOSEFA LUISA,4,0,00
2925,D,JOSEFA MONTSERRAT,4,0,00
2925,D,JOSEFINA MARIA,4,0,00
2925,H,JOSEP ÀNGEL,4,0,00
2925,H,JOSEP MIGUEL,4,0,00
2925,H,JOSUÈ/JOSUÉ,4,0,00
2925,H,JOVINO,4,0,00
2925,H,JUAN ALEJANDRO,4,0,00
2925,H,JUAN BOSCO,4,0,00
2925,H,JUAN CRISTÓBAL,4,0,00
2925,H,JUAN FERMIN,4,0,00
2925,H,JUAN ISIDRO,4,0,00
2925,H,JUAN JAIME,4,0,00
2925,H,JUAN LLUIS,4,0,00
2925,H,JUAN LUCAS,4,0,00
2925,H,JUAN MANEL,4,0,00
2925,H,JUAN MARIANO,4,0,00
2925,H,JUAN MATEO,4,0,00
2925,H,JUAN PASCUAL,4,0,00
2925,H,JUAN ROBERTO,4,0,00
2925,D,JUANA CONSUELO,4,0,00
2925,D,JUANA INES,4,0,00
2925,D,JUANA MARGARITA,4,0,00
2925,D,JULIA CARMEN,4,0,00
2925,D,JULIA PILAR,4,0,00
2925,H,JULIÁN JOSÉ,4,0,00
2925,H,JULIO LUIS,4,0,00
2925,D,JUTTA,4,0,00
2925,D,KATERINA,4,0,00
2925,D,KAY,4,0,00
2925,H,KHALID,4,0,00
2925,D,KIRSTEN,4,0,00
2925,H,KLAUS PETER,4,0,00
2925,D,KLAVDIYA,4,0,00
2925,H,KURT,4,0,00
2925,H,LAMBERT,4,0,00
2925,H,LAUDINO,4,0,00
2925,H,LAURO,4,0,00
2925,D,LEONOR MARIA,4,0,00
2925,D,LIBORIA,4,0,00
2925,D,LIDIA ROSA,4,0,00
2925,D,LILIAN,4,0,00
2925,D,LINDA,4,0,00
2925,H,LLEONARD,4,0,00
2925,H,LLUIS GONZAGA,4,0,00
2925,D,LLUM,4,0,00
2925,H,LOTHAR,4,0,00
2925,H,LOUIS,4,0,00
2925,H,LUCIEN,4,0,00
2925,D,LUCIENNE,4,0,00
2925,H,LUCRECIO,4,0,00
2925,D,LUCY,4,0,00
2925,H,LUIS ANDRÉS,4,0,00
2925,H,LUIS CÈSAR/LUIS CÉSAR,4,0,00
2925,H,LUIS GONZALO,4,0,00
2925,H,LUIS JESÚS,4,0,00
2925,H,LUIS MARIO,4,0,00
2925,H,LUIS ROBERTO,4,0,00
2925,D,LUNA,4,0,00
2925,D,LUZMILA,4,0,00
2925,H,MACEDONIO,4,0,00
2925,H,MAHAMADOU,4,0,00
2925,H,MAHMOUD,4,0,00
2925,H,MALCOLM,4,0,00
2925,H,MAMADOU,4,0,00
2925,H,MANUEL ADOLFO,4,0,00
2925,H,MANUEL GUILLERMO,4,0,00
2925,H,MANUEL PABLO,4,0,00
2925,H,MANUEL PEDRO,4,0,00
2925,D,MANUELA MARÍA,4,0,00
2925,H,MARÇAL,4,0,00
2925,H,MARCO AURELIO,4,0,00
2925,D,MARGALIDA,4,0,00
2925,D,MARGARITA DEL CARMEN,4,0,00
2925,D,MARIA ALBERTA,4,0,00
2925,D,MARÍA ALBINA,4,0,00
2925,D,MARIA ALEJANDRINA,4,0,00
2925,D,MARIA ALTAGRACIA,4,0,00
2925,D,MARIA AMABLE,4,0,00
2925,D,MARIA AVELINA,4,0,00
2925,D,MARIA BENILDE,4,0,00
2925,D,MARIA BRIGIDA,4,0,00
2925,D,MARIA CAMILA/MARÍA CAMILA,4,0,00
2925,D,MARIA CELESTE/MARÍA CELESTE,4,0,00
2925,D,MARIA CLEMENTINA,4,0,00
2925,D,MARIA CORONA,4,0,00
2925,D,MARIA CRUCES,4,0,00
2925,D,MARIA CUSTODIA,4,0,00
2925,D,MARIA DE LA CARIDAD,4,0,00
2925,D,MARIA DE LA ENCARNACIO,4,0,00
2925,D,MARIA DE LA VEGA,4,0,00
2925,D,MARIA DE LOS DESAMPARADOS,4,0,00
2925,D,MARIA DEL ALBA/MARÍA DEL ALBA,4,0,00
2925,D,MARIA DEL CAMINO/MARÍA DEL CAMINO,4,0,00
2925,D,MARIA DEL CLAUSTRE,4,0,00
2925,D,MARIA DEL REMEDIO,4,0,00
2925,D,MARIA DOLORES PILAR,4,0,00
2925,D,MARIA EMPERATRIZ,4,0,00
2925,D,MARIA ENEDINA/MARÍA ENEDINA,4,0,00
2925,D,MARIA ESTELA/MARÍA ESTELA,4,0,00
2925,D,MARIA EULOGIA,4,0,00
2925,D,MARIA EUSEBIA,4,0,00
2925,D,MARIA FELICIA,4,0,00
2925,D,MARIA GINESA,4,0,00
2925,D,MARIA GLEVA,4,0,00
2925,D,MARIA GUILLERMINA,4,0,00
2925,D,MARIA HILDA,4,0,00
2925,D,MARIA ILDA,4,0,00
2925,D,MARIA JUDITH/MARÍA JUDITH,4,0,00
2925,D,MARIA JUNQUERA,4,0,00
2925,D,MARIA LAUDELINA,4,0,00
2925,D,MARIA LIBRADA,4,0,00
2925,D,MARIA LIDON,4,0,00
2925,D,MARIA LILIA,4,0,00
2925,D,MARIA MARTIRIO,4,0,00
2925,D,MARIA MONTE,4,0,00
2925,D,MARIA NATIVITAT,4,0,00
2925,D,MARIA NERI,4,0,00
2925,D,MARIA OLVIDO,4,0,00
2925,D,MARIA PALMIRA,4,0,00
2925,D,MARIA PURIFICACIO,4,0,00
2925,D,MARIA REMEDIO,4,0,00
2925,D,MARIA RIERA,4,0,00
2925,D,MARIA ROSARIA,4,0,00
2925,D,MARIA SALVADORA,4,0,00
2925,D,MARIA SOLEDAT,4,0,00
2925,D,MARIA URSULA,4,0,00
2925,D,MARIA VICTORINA,4,0,00
2925,D,MARIA VIOLETA,4,0,00
2925,D,MARIA VIRGILIA,4,0,00
2925,H,MARIAN,4,0,00
2925,H,MARIANO JOSÉ,4,0,00
2925,D,MARIE JOSE,4,0,00
2925,D,MARTA ISABEL,4,0,00
2925,D,MARTA ROSA,4,0,00
2925,D,MARTHA LUCIA,4,0,00
2925,D,MARTHA SUSANA,4,0,00
2925,H,MARTIRIAN,4,0,00
2925,D,MARY ELIZABETH,4,0,00
2925,D,MAXIMIANA,4,0,00
2925,D,MAYTE,4,0,00
2925,D,MELBA,4,0,00
2925,D,MELITONA,4,0,00
2925,H,MFEDAL,4,0,00
2925,H,MICHAEL GEORGE,4,0,00
2925,H,MICHEL ANDRE,4,0,00
2925,H,MICHEL JEAN,4,0,00
2925,H,MIGUEL ALFREDO,4,0,00
2925,H,MIGUEL DE LOS SANTOS,4,0,00
2925,H,MIGUEL EDUARDO,4,0,00
2925,H,MIGUEL SANTIAGO,4,0,00
2925,H,MIGUEL SANTOS,4,0,00
2925,H,MIHAIL,4,0,00
2925,D,MILAGROSA,4,0,00
2925,H,MILTON,4,0,00
2925,H,MIQUEL LLUÍS,4,0,00
2925,D,MIREILLE,4,0,00
2925,H,MOHAMAD,4,0,00
2925,D,MONSALUD,4,0,00
2925,D,MONTESION,4,0,00
2925,H,MOULOUD,4,0,00
2925,H,MOUSSA,4,0,00
2925,H,MUSA,4,0,00
2925,H,NABIL,4,0,00
2925,H,NAPOLEÓN,4,0,00
2925,D,NERI,4,0,00
2925,H,NICEFORO,4,0,00
2925,D,NICOLE MARIE,4,0,00
2925,D,NICOMEDES,4,0,00
2925,D,NÍDIA/NIDIA,4,0,00
2925,D,NILDA,4,0,00
2925,H,NILO,4,0,00
2925,D,NOÈLIA/NOELIA,4,0,00
2925,H,NOÈ/NOÉ,4,0,00
2925,D,NÚRIA MARIA/NURIA MARÍA,4,0,00
2925,D,NÚRIA MONTSERRAT/NURIA MONTSERRAT,4,0,00
2925,D,OBDULINA,4,0,00
2925,H,OLEKSANDR,4,0,00
2925,D,OLINDA,4,0,00
2925,H,OLIVERIO,4,0,00
2925,D,PABLA,4,0,00
2925,H,PALADIO,4,0,00
2925,H,PATRICI,4,0,00
2925,D,PATROCINI,4,0,00
2925,H,PEDRO BENITO,4,0,00
2925,H,PEDRO FELIPE,4,0,00
2925,H,PEDRO PASCUAL,4,0,00
2925,H,PEDRO RAFAEL,4,0,00
2925,H,PEP,4,0,00
2925,D,PEPA,4,0,00
2925,H,PERE JORDI,4,0,00
2925,H,PETAR,4,0,00
2925,H,PETER JAMES,4,0,00
2925,H,PETR,4,0,00
2925,H,PETRO,4,0,00
2925,H,PETRONILO,4,0,00
2925,H,POMPILIO,4,0,00
2925,D,PURI,4,0,00
2925,H,RAFAEL CARLOS,4,0,00
2925,H,RAFAEL FRANCISCO,4,0,00
2925,H,RAFFAELE,4,0,00
2925,H,RAINER,4,0,00
2925,D,RAKIA,4,0,00
2925,D,RAMIRA,4,0,00
2925,H,RAMON LLUÍS,4,0,00
2925,H,RAMON MANUEL,4,0,00
2925,H,RAMON MIGUEL,4,0,00
2925,H,RAMON TOMAS,4,0,00
2925,H,RAPHAEL,4,0,00
2925,D,RAQUEL ALICIA,4,0,00
2925,H,REINHOLD,4,0,00
2925,H,RICARDO ALBERTO,4,0,00
2925,H,RICARDO ANGEL,4,0,00
2925,H,RICARDO ANTONIO,4,0,00
2925,H,RICARDO MANUEL,4,0,00
2925,H,RICART,4,0,00
2925,D,ROBERTA,4,0,00
2925,D,RODICA,4,0,00
2925,D,ROLINDES,4,0,00
2925,H,ROMEO,4,0,00
2925,D,ROSA ELVIRA,4,0,00
2925,D,ROSA EMILIA,4,0,00
2925,D,ROSA ESTHER,4,0,00
2925,D,ROSA LUISA,4,0,00
2925,D,ROSA MATILDE,4,0,00
2925,D,ROSA NIEVES,4,0,00
2925,H,ROSARIO,4,0,00
2925,D,ROSARIO FATIMA,4,0,00
2925,D,ROSARIO ISABEL,4,0,00
2925,D,ROSEMARIE,4,0,00
2925,D,ROSINDA,4,0,00
2925,D,ROSWITHA,4,0,00
2925,D,SABINE,4,0,00
2925,D,SALUT,4,0,00
2925,D,SAMIA,4,0,00
2925,H,SAMIR,4,0,00
2925,H,SANTI,4,0,00
2925,H,SEBASTIAN JOSE,4,0,00
2925,D,SERAPIA,4,0,00
2925,D,SERENA,4,0,00
2925,H,SERGE,4,0,00
2925,H,SERGEY,4,0,00
2925,D,SHIRLEY,4,0,00
2925,H,SIGFRIDO,4,0,00
2925,D,SOLEMNIDAD,4,0,00
2925,D,SONJA,4,0,00
2925,D,SOODIA,4,0,00
2925,D,SYLVIANE,4,0,00
2925,D,TAHRA,4,0,00
2925,D,TÀNIA/TANIA,4,0,00
2925,D,TATYANA,4,0,00
2925,D,TEODOMIRA,4,0,00
2925,D,TERESA ANTONIA,4,0,00
2925,D,TERESA DEL CARMEN,4,0,00
2925,D,TERESA ELENA,4,0,00
2925,D,TETYANA,4,0,00
2925,D,TISCAR,4,0,00
2925,D,UBALDINA,4,0,00
2925,D,ULPIANA,4,0,00
2925,D,VALERA,4,0,00
2925,H,VASYL,4,0,00
2925,D,VERENA,4,0,00
2925,H,VICENTE CARLOS,4,0,00
2925,H,VICENTE MANUEL,4,0,00
2925,H,VICENTE MIGUEL,4,0,00
2925,H,WILLIAM JOHN,4,0,00
2925,D,WILMA,4,0,00
2925,H,YURIY,4,0,00
2925,H,YURY,4,0,00
2925,D,YVETTE,4,0,00
2925,D,ZINAYIDA,4,0,00
2925,D,ZOIA,4,0,00
